19800701-025955,FIN,1980,3,1980-07-01,1980-07-01,6356713329.72,610560120.27,1.08,1.03,0.10,649320669.75,454199473010.05,8183610787.76,567244383,595531,886mqXmkgPPhQUGVluJIDZDxHwwoISSW
19800701-030940,FIN,1980,3,1980-07-01,1980-07-01,1042292402.62,180635428.82,0.80,0.71,0.17,183737720.16,196086380509.54,7267241886.76,226503601,255678,9060000000104
19800701-042559,FIN,1980,3,1980-07-01,1980-07-01,5218693669.33,760967480.80,24.30,21.32,0.15,115448457.06,511512483756.07,6966725632.85,31312373,35688,5840000000154
19800701-065224,FIN,1980,3,1980-07-01,1980-07-01,9400162838.22,6471372991.17,20.48,20.44,0.69,418938621.05,318688685150.34,5345537713.32,315909079,316641,7320000000329
19800701-140644,FIN,1980,3,1980-07-01,1980-07-01,7969199531.85,229477571.37,0.58,0.53,0.03,544286566.50,128383362418.33,9426386566.17,393343035,433476,3770000000213
19800701-203434,FIN,1980,3,1980-07-01,1980-07-01,4837969029.54,805066995.46,6.79,5.69,0.17,920748971.65,956173906302.08,711668142.83,118563065,141409,039URZBtUKnpDKKHZbOejdWhikbEaSqvjzvEtNLbCtShSSaX
19800702-000158,FIN,1980,3,1980-07-01,1980-07-02,3060929624.64,1200186498.29,1.23,1.14,0.39,500157442.87,455722808040.11,4660203459.39,973502560,1052250,057WzOtPSWtykNIHobQCFqQBRbotBuTKxcwgtMGZlvSuzkznMNrJ
19800702-025102,FIN,1980,3,1980-07-01,1980-07-02,4056230786.33,1905490784.40,3.01,2.60,0.47,389616411.77,712209693595.00,3677806449.09,634069767,733380,9720000000112
19800702-062316,FIN,1980,3,1980-07-01,1980-07-02,6458266017.25,3947739438.65,8.69,8.00,0.61,384481398.03,369486575940.14,8653741736.36,454255605,493240,7860000000284
19800702-071818,FIN,1980,3,1980-07-01,1980-07-02,5822241317.72,2222764810.18,2.96,2.54,0.38,709007143.48,911057501730.01,5868948987.63,749690754,873901,351SJyzkTKNVmGtmiE
19800702-085757,FIN,1980,3,1980-07-01,1980-07-02,4586884902.77,879115852.63,8.76,8.53,0.19,980615921.54,801346686308.15,3088246148.55,100319134,103053,958jRhDJJDxLPxUEMMpdhzdZNqRVTuzMCrlMcwMsdHNvIEBwDfErPG
19800702-114902,FIN,1980,3,1980-07-01,1980-07-02,96591781.02,53296020.49,0.39,0.37,0.55,133408152.81,43065397098.37,7837257254.92,135027135,145787,047tMxRtlNQsLObcjH
19800702-120431,FIN,1980,3,1980-07-01,1980-07-02,6779051973.46,916796603.42,7.70,7.56,0.14,757107564.54,352044298420.50,3734560213.41,119130207,121339,4170000000132
19800702-124436,FIN,1980,3,1980-07-01,1980-07-02,4096172347.37,1109764398.94,1.51,1.33,0.27,14799715.04,571495179319.66,4137938181.63,735467678,835833,428AMSFHeuTHMfEnoZTASlnzrGJxgxZQHFZmXwXOISqJdBTIUOcKzUUqtU
19800702-162652,FIN,1980,3,1980-07-01,1980-07-02,7701237266.24,3656668142.46,3.77,3.36,0.47,920951555.00,966182094677.03,9620517371.83,968803248,1086831,6920000000364
19800702-202117,FIN,1980,3,1980-07-01,1980-07-02,6179451185.27,2763299429.71,6.92,6.23,0.45,551825069.11,270970562231.60,5200039348.67,399166564,443414,2510000000056
19800702-235333,FIN,1980,3,1980-07-01,1980-07-02,3583736130.53,563926094.09,0.62,0.53,0.16,391477767.74,825517728849.22,6646422185.07,914237385,1069353,808DGkjHgxWNWiOhLXxdAFoMEKOIKTAOFflHMCXT
19800703-010105,FIN,1980,3,1980-07-01,1980-07-03,1384598050.14,396687179.41,2.17,1.93,0.29,490245622.15,342445431352.35,2962651669.24,182732566,205821,7970000000432
19800703-065120,FIN,1980,3,1980-07-01,1980-07-03,8900170509.03,2772111824.25,4.15,3.89,0.31,988666673.92,860651344528.16,3757477862.84,667688372,711970,0470000000024
19800703-065232,FIN,1980,3,1980-07-01,1980-07-03,8122639176.32,1124221163.22,2.53,2.34,0.14,205640281.07,260708682378.13,6139056059.03,444751524,479680,6130000000261
19800703-100436,FIN,1980,3,1980-07-01,1980-07-03,6423588942.28,3249635042.94,3.68,3.08,0.51,577556060.05,205726476831.68,528651317.47,882522706,1054246,6320000000437
19800703-112639,FIN,1980,3,1980-07-01,1980-07-03,7187314332.62,4713166624.43,6.00,5.01,0.66,257870448.82,432807259305.32,264866415.29,785473400,940490,536aHJGCghzdSZJgXmdFSiNMlUrWCDYobPDSjXJBddBFjbIHvCbPUSW
19800703-153131,FIN,1980,3,1980-07-01,1980-07-03,1248714471.03,570138074.47,0.93,0.85,0.46,290855450.19,126585605033.78,3798895202.22,615452523,667910,6560000000342
19800703-185948,FIN,1980,3,1980-07-01,1980-07-03,6785883448.54,3426552522.51,3.60,3.16,0.50,857595464.93,411419020404.89,113393030.35,951762763,1084316,3310000000494
19800703-203320,FIN,1980,3,1980-07-01,1980-07-03,4011899214.30,664257062.01,1.97,1.81,0.17,586244195.50,130293921019.41,9105863604.55,337356653,367640,707VTGIYOHqQTinymJiaerSHchHKAKjpPD
19800703-203847,FIN,1980,3,1980-07-01,1980-07-03,2309686948.73,1053043682.64,1.19,1.15,0.46,18086335.34,867484164004.04,884522094.03,884638909,915617,9840000000067
19800704-020307,FIN,1980,3,1980-07-01,1980-07-04,8787877116.56,1662418203.60,6.24,6.12,0.19,157416829.20,995844283669.54,7130413691.06,266443699,271682,0230000000018
19800704-090836,FIN,1980,3,1980-07-01,1980-07-04,7291976708.83,272046392.36,0.47,0.47,0.04,921154133.99,891153027806.79,868429334.48,574624035,574630,019BCRRYMzpoAimKRITzLWLsoomeKjnZvguJDE
19800704-092427,FIN,1980,3,1980-07-01,1980-07-04,2195527237.41,878979430.19,1.08,1.04,0.40,116865102.10,148450439804.18,3193515092.97,812144284,841317,5910000000411
19800704-110655,FIN,1980,3,1980-07-01,1980-07-04,2603422398.38,599089393.64,2.04,1.75,0.23,982947886.22,880082329374.27,3166458006.90,293459638,343003,217dLhVWzazSySPNOSRlJUZTKAqSudRG
19800704-140724,FIN,1980,3,1980-07-01,1980-07-04,9607051467.34,2763889341.09,3.62,3.05,0.29,683645596.02,7498401271.60,7947945289.41,763593788,907624,877MdvFgOhOdchDwtmOxYVrIOOOeJSdOEnFQCLXg
19800704-145531,FIN,1980,3,1980-07-01,1980-07-04,9119158315.48,3585085182.41,5.75,5.07,0.39,165044871.00,36268067399.60,8524766683.36,623920164,706849,6940000000309
19800704-184159,FIN,1980,3,1980-07-01,1980-07-04,3986061571.80,1344119864.89,3.49,3.13,0.34,731157239.55,774356526148.40,860155947.52,385396054,428905,8010000000398
19800704-193342,FIN,1980,3,1980-07-01,1980-07-04,7056142888.39,3155401132.60,4.31,3.78,0.45,763414738.86,114398352488.10,1071131471.46,731535000,835861,449LgvggaUVPIWggCTSXUGuimmMSetVYshIxgRZrdvICEjJVNigB
19800705-010059,FIN,1980,3,1980-07-01,1980-07-05,7162638414.83,2022848523.16,3.53,3.09,0.28,217637150.26,167806282548.03,2435941825.68,572650225,654017,995VikNJFYegVVQGYqpTEnxkClfSmGXAyLaNwsjSHKiUlJafPQsCfYY
19800705-072844,FIN,1980,3,1980-07-01,1980-07-05,9991655912.97,5245153718.52,18.92,18.28,0.52,183871040.12,457077629668.46,840514403.95,277222041,286914,0360000000519
19800705-104936,FIN,1980,3,1980-07-01,1980-07-05,7850494250.05,1626068264.59,2.08,1.82,0.21,400361242.50,311785313767.67,7875652441.15,783389404,894679,217UCXHsOMKBBhFtzPEIauEkuhRHBwnBaQQmhkLJLYXHLTsPYhuqrMWF
19800705-181612,FIN,1980,3,1980-07-01,1980-07-05,4102501194.50,2197435757.72,3.60,3.55,0.54,873472073.85,85910541005.73,8137665101.74,609985077,618655,966TLgAVlQbztQeATlXKZcDRVCQNVYt
19800705-234702,FIN,1980,3,1980-07-01,1980-07-05,7212284472.75,708357794.96,0.84,0.79,0.10,506294848.77,245233607550.45,6083968787.43,842661155,893068,381FCOCNTOPibcmwDBHblaHXU
19800706-002303,FIN,1980,3,1980-07-01,1980-07-06,3004574638.15,1332908154.99,306.48,287.71,0.44,222030545.02,219563071240.43,3225948116.90,4349027,4632,7560000000498
19800706-003157,FIN,1980,3,1980-07-01,1980-07-06,3978094998.26,13195435.06,0.04,0.04,0.00,381004883.71,116545136168.21,6491664387.01,331594475,360879,590NtuqUIKBOJjNakQblIFUVCLhwaBXrOKKTpsvn
19800706-025048,FIN,1980,3,1980-07-01,1980-07-06,571125225.34,317133302.19,0.56,0.55,0.56,112867796.95,887968505853.84,815247503.29,566350290,574654,6440000000233
19800706-045228,FIN,1980,3,1980-07-01,1980-07-06,490317748.25,78591886.31,1.86,1.77,0.16,59597453.26,424467086121.20,1595304983.61,42178268,44404,045HQSomNnImHMmdRDYNPNRfwVyMKUAVMlSvTbZnNezGMUJSTdgdELs
19800706-055450,FIN,1980,3,1980-07-01,1980-07-06,439560675.85,140530445.98,0.14,0.14,0.32,557816924.41,152621053118.93,3055191398.33,996761447,1009343,081XiKcfZmoGQnBHAdYEzmdTwSdbIDPEXDvLJbgRSdkrsLGrsJIESgMl
19800706-075609,FIN,1980,3,1980-07-01,1980-07-06,4418716167.16,2674574444.45,12.55,12.23,0.61,614220815.87,963595088710.64,956901163.08,213128833,218770,286xJLQVuTFshRimMWvovlkhREDPsbyCEbOPAiHlYQoNpMfOnOS
19800706-115236,FIN,1980,3,1980-07-01,1980-07-06,9697058696.02,2523547579.28,2.64,2.33,0.26,648471078.29,943974255353.41,7100434713.17,955815732,1082943,950sPFpJfRunRmoHacLH
19800706-192326,FIN,1980,3,1980-07-01,1980-07-06,1660579742.48,551066253.34,0.99,0.86,0.33,867068124.64,901721518871.96,5281036501.80,558202245,637240,507ZmRKTZLbWcRahUkhOdxFeAjKwTqyprwFYoICqZPrNS
19800706-221641,FIN,1980,3,1980-07-01,1980-07-06,8536274940.57,722896620.78,1.76,1.73,0.08,435093121.48,374868023862.25,66965164.37,411151027,416757,046gAWYCbVKcVlXGvfZ
19800707-045444,FIN,1980,3,1980-07-01,1980-07-07,6672966202.55,2136150597.80,4.77,4.67,0.32,91744449.49,971361902533.53,8899489931.09,447853519,457562,314WqeiYOFGTjVEbfOBYccBfxuAwwzR
19800707-061410,FIN,1980,3,1980-07-01,1980-07-07,1004095210.41,109596041.36,1.81,1.57,0.11,283897703.13,819195559208.50,1840026905.46,60655075,69771,474JmnZyvJNUAaGfANXOFMOuyDJFNiMeGrtTeYaLNPbiJyoUj
19800707-083245,FIN,1980,3,1980-07-01,1980-07-07,3537525118.49,1867106940.41,10.13,8.62,0.53,52259103.98,612134849897.99,5929564353.50,184359100,216550,917bNPOuxpBVWHjTUREQF
19800707-130155,FIN,1980,3,1980-07-01,1980-07-07,5336877757.73,449798451.23,0.48,0.40,0.08,575038999.50,504695418283.60,2637252670.34,938161171,1123099,688KystGlBRwWHnygomAkGxXAAHJowCiGoTIuBrJfHMDMYlMVI
19800707-200939,FIN,1980,3,1980-07-01,1980-07-07,976743457.80,87849009.77,0.48,0.40,0.09,390528367.02,986660420669.74,8904318291.65,184058301,220404,324VZFBRwvFHyQCUMDVoBLLIIBmacVsHPTyOUvhQJtRzByXxTqcURyaA
19800708-023416,FIN,1980,3,1980-07-01,1980-07-08,8979533676.99,328041238.92,0.33,0.29,0.04,689507551.63,410193924677.52,2426107674.78,991697763,1130419,9300000000466
19800708-032847,FIN,1980,3,1980-07-01,1980-07-08,5071833386.61,486885753.47,0.52,0.47,0.10,611625268.87,365962779285.32,4567895841.21,936664670,1031714,4930000000152
19800708-062319,FIN,1980,3,1980-07-01,1980-07-08,3007466222.47,610490202.03,1.15,1.08,0.20,580706835.09,713088253245.25,1467295308.01,529855792,564466,205FhhfrkesbFUwpaFPO
19800708-123425,FIN,1980,3,1980-07-01,1980-07-08,1522548981.78,238507629.22,0.24,0.23,0.16,895716083.98,22677223417.11,858298525.15,975886205,1023952,803riGRQdvgUQHPdDORzzToQVXpGiLSA
19800708-155559,FIN,1980,3,1980-07-01,1980-07-08,6680406835.24,3827594697.40,32.83,28.04,0.57,745649822.88,868802578324.46,9090814913.46,116582552,136529,1150000000157
19800708-224418,FIN,1980,3,1980-07-01,1980-07-08,6558149001.10,542955282.02,2.77,2.71,0.08,929696657.31,876351753882.85,5392606790.45,196261264,200040,1430000000541
19800708-235627,FIN,1980,3,1980-07-01,1980-07-08,74450410.02,51475196.29,0.05,0.05,0.69,420173130.63,717192145748.08,1968887314.61,990758108,1010402,3470000000061
19800709-060511,FIN,1980,3,1980-07-01,1980-07-09,2291280674.43,677997030.40,1.75,1.50,0.30,566574075.47,908149796460.69,6250105173.50,387482437,452601,8560000000053
19800709-095233,FIN,1980,3,1980-07-01,1980-07-09,7361602891.80,1572187682.37,1.79,1.53,0.21,453779529.66,638779746966.99,4466315058.35,876601239,1027066,2740000000008
19800709-165645,FIN,1980,3,1980-07-01,1980-07-09,9887658347.59,5817118255.90,123.95,108.97,0.59,749115964.78,582294843013.21,3823142709.36,46930058,53381,3430000000584
19800709-181517,FIN,1980,3,1980-07-01,1980-07-09,3672415450.69,956433725.10,1.17,1.04,0.26,603865723.19,320613668832.97,1472508779.52,816230431,918302,0050000000347
19800710-001331,FIN,1980,3,1980-07-01,1980-07-10,1741152981.55,446462829.54,0.45,0.41,0.26,250511747.02,912167737263.50,1002485198.48,985697577,1082991,248qOdVHYxDVZvGNRKGYVTrFSwxPzXxkMvZgmZdThHHL
19800710-025929,FIN,1980,3,1980-07-01,1980-07-10,9735459413.77,154720699.02,0.74,0.72,0.02,735952828.25,367084634069.22,595201555.91,209979609,215401,2440000000345
19800710-061851,FIN,1980,3,1980-07-01,1980-07-10,5020379313.90,1883875415.55,1.94,1.79,0.38,515325650.54,527348983435.19,9291679160.97,970395385,1054341,3760000000462
19800710-085546,FIN,1980,3,1980-07-01,1980-07-10,6661973752.34,845556655.52,4.06,3.46,0.13,276871332.44,408933303484.47,2395742157.53,208116189,244645,513DgCLMNjmKXvnbcxbsNRzicFHLhHVDWDkKUSGCEKJtTHOqhICxuVIu
19800710-151406,FIN,1980,3,1980-07-01,1980-07-10,7162424413.29,3998067717.21,16.41,13.86,0.56,708270857.51,72075052660.27,4532938196.30,243645511,288451,0550000000225
19800710-155104,FIN,1980,3,1980-07-01,1980-07-10,4719845055.78,990955837.23,5.79,5.50,0.21,770252040.26,986370219747.06,7536008129.67,171129546,180304,199FQCxtQRoMnVlnjwEERVRrjOJDAIyWTEKGCbBNsvTNBMQXXA
19800710-182432,FIN,1980,3,1980-07-01,1980-07-10,4171610494.70,1940712379.60,2.46,2.26,0.47,601016266.27,964259670792.49,5029502074.68,790236708,859838,8880000000289
19800711-011039,FIN,1980,3,1980-07-01,1980-07-11,1945472345.09,1016186559.82,1.06,1.05,0.52,15475310.92,219908799243.37,1200983407.62,957378966,966153,655VYyFQhePyaKGmvNXLIjVqXLDFQAXfBDr
19800711-041312,FIN,1980,3,1980-07-01,1980-07-11,9776468398.39,6222314994.26,11.97,11.09,0.64,967917164.11,113044235327.44,6274354522.58,519672712,560841,1550000000456
19800711-110138,FIN,1980,3,1980-07-01,1980-07-11,6733179933.78,2153613641.76,7.91,6.93,0.32,398521361.65,449429898486.56,2546561676.37,272351308,310923,909VPfRrzGJDSXFSOgYEIxOaJaDXEAMCqvMuZEQm
19800711-172214,FIN,1980,3,1980-07-01,1980-07-11,6832989431.93,562315748.15,0.71,0.59,0.08,93356654.18,255609281618.68,9566767897.72,795244906,947341,9050000000223
19800711-215609,FIN,1980,3,1980-07-01,1980-07-11,2922803217.67,1721714684.29,2.98,2.76,0.59,688387792.65,800513025226.16,8969657391.89,577179082,622941,3170000000352
19800712-045343,FIN,1980,3,1980-07-01,1980-07-12,6752577136.68,2936276647.87,7.15,6.35,0.43,922730958.77,321844865979.10,3503262174.02,410750210,462433,2940000000026
19800712-065140,FIN,1980,3,1980-07-01,1980-07-12,7653649538.37,12578614.45,0.05,0.04,0.00,54722429.60,536348678168.51,5737151400.72,279462104,292033,466GZYLRjrimaTBIzBBifAOowqfEgITGEQXq
19800712-110406,FIN,1980,3,1980-07-01,1980-07-12,680513893.61,284453123.37,1.88,1.64,0.42,661569985.42,706948604902.26,737713781.86,151347207,173356,0750000000330
19800712-164203,FIN,1980,3,1980-07-01,1980-07-12,8727699362.17,1867339510.32,8.25,7.94,0.21,339747302.71,103932946909.76,2665993012.79,226426241,235076,896SISMQLSYTyVwVNXIsLYdROXNoWTfyDoJDH
19800712-205338,FIN,1980,3,1980-07-01,1980-07-12,3667263281.22,1659611651.70,1.82,1.79,0.45,969502171.91,465317254687.15,2918510543.07,909856555,925332,136pArpWSNsgNKTOPAFFXMA
19800713-014106,FIN,1980,3,1980-07-01,1980-07-13,8279338955.94,3278754039.83,3.42,3.06,0.40,64384635.79,434592486392.46,4750681155.18,958451791,1071151,687YStBqxDsjUXfEHExmWkfvZRlOucebnJJtfSSdWkqXFQNgAfpCpiUBfCjU
19800713-033957,FIN,1980,3,1980-07-01,1980-07-13,1703259553.20,51230565.29,0.59,0.57,0.03,453882433.05,544052362930.39,7620717228.48,86901654,89598,541oRGNNrgThQUnEmQEBicROpjVRDHFEMrGWKzRmHkiLAnywZDjT
19800713-100032,FIN,1980,3,1980-07-01,1980-07-13,8905205763.16,6026382516.83,49.90,42.20,0.68,5723479.34,651742456390.68,8115973009.99,120777332,142814,262aEiowNJJnAxethNkwUXQBnvOZLNQPWCwSSvBHtBNpIDunIvCwQSuIupRR
19800713-102052,FIN,1980,3,1980-07-01,1980-07-13,1022485326.43,668748707.51,1.92,1.83,0.65,910202098.02,732431653479.96,5666355329.26,347831835,365607,983kHIhVBuZKYfwldflfDGtBOdpRHjEInonQzrJ
19800713-115220,FIN,1980,3,1980-07-01,1980-07-13,1307892248.52,800452979.86,0.88,0.87,0.61,932621453.58,789250845449.87,909945470.52,908035682,917609,500WaPVywTQRRwsTRQ
19800713-131338,FIN,1980,3,1980-07-01,1980-07-13,7046296312.55,177181553.96,0.96,0.92,0.03,263854878.75,705600334899.84,4004747474.06,185213322,191986,347qBMMQLoTVJXYOWHbqUadsqhStqZmMDQEYnX
19800713-144316,FIN,1980,3,1980-07-01,1980-07-13,9228472481.69,1481103974.62,2.87,2.56,0.16,641568218.24,133589334207.60,7607645324.47,515257149,578286,4270000000019
19800713-185051,FIN,1980,3,1980-07-01,1980-07-13,8349636400.50,1088390239.71,3.46,2.91,0.13,910604789.89,972450699463.65,1609009743.12,314417201,374369,8920000000435
19800713-201431,FIN,1980,3,1980-07-01,1980-07-13,7446333710.33,902371727.70,4.94,4.46,0.12,240887603.90,876245701818.16,9087350378.91,182573615,202437,8150000000277
19800714-025345,FIN,1980,3,1980-07-01,1980-07-14,867489051.90,210534231.14,0.28,0.24,0.24,708076186.94,75213048381.77,4818802846.70,743063792,878799,0790000000135
19800714-032005,FIN,1980,3,1980-07-01,1980-07-14,4259311012.07,428936837.91,1.39,1.26,0.10,1569377.36,719787726044.12,1937749548.86,308449995,340680,633LcMSLOUhoUtzXQLNVuDIeDXtkABnOyNPJzWEikDZSg
19800714-093501,FIN,1980,3,1980-07-01,1980-07-14,8737494336.96,3082929911.24,4.13,4.00,0.35,611533724.04,945349565089.78,4260175823.17,746965739,770136,996OFXkAvOWFaQBaCLYRJPSSOulUwBYSzhS
19800714-095134,FIN,1980,3,1980-07-01,1980-07-14,2867398435.28,1301214350.23,2.00,1.93,0.45,568152807.05,192183198157.29,7817731289.31,651368124,675481,2190000000102
19800714-130244,FIN,1980,3,1980-07-01,1980-07-14,9243872767.26,2789383752.85,5.62,5.02,0.30,370202203.01,208228557927.88,9251557801.78,496241861,555706,163XUhuCIMVvmnSqMBPsPTqVPeOhOJjWFWHqbzvsVmNTAFOvA
19800714-200659,FIN,1980,3,1980-07-01,1980-07-14,1134364709.69,322111450.82,0.49,0.44,0.28,123817061.83,146848434638.09,1677622125.13,659805250,732630,507sggfQcRHmezFCELPYaHDHoMDPPUFZNuCGrpFKEsHvsDaUxzLWMelgkpy
19800714-235758,FIN,1980,3,1980-07-01,1980-07-14,3062971489.64,316793559.18,1.23,1.04,0.10,912151469.65,551221069927.46,8202798555.72,258582921,304155,8250000000410
19800715-025749,FIN,1980,3,1980-07-01,1980-07-15,8188993297.38,3946227089.93,4.59,3.90,0.48,149764308.36,949725392270.73,9807457645.90,860156495,1012210,8680000000145
19800715-044805,FIN,1980,3,1980-07-01,1980-07-15,6303675417.51,3079288892.56,9.56,9.04,0.49,154605607.76,270267373745.96,4366898300.54,322016903,340778,1260000000256
19800715-061529,FIN,1980,3,1980-07-01,1980-07-15,6819035097.18,1252095141.69,1.80,1.61,0.18,877647101.51,514293551940.29,4214328367.43,696287960,776882,802bqfvTyldyQqhQaQgOFO
19800715-104849,FIN,1980,3,1980-07-01,1980-07-15,5908371220.58,919307585.85,26.37,23.94,0.16,54680998.31,268118145172.98,5536968589.81,34855372,38396,190YpbHzwUNEAFRSRGDoObqLpwydBbHFFewWSzCrbAQkJqTTzimOZOBxu
19800715-133424,FIN,1980,3,1980-07-01,1980-07-15,6826336942.57,2195489038.64,25.99,22.68,0.32,976752623.20,252107459545.18,8545006074.69,84488854,96819,461VIwCayPvwhogOnJYXzNaeJARKVRQdTJzLSKMYmjqiITvCVKAMRRJCa
19800715-192127,FIN,1980,3,1980-07-01,1980-07-15,7558924144.59,3109496098.16,3.92,3.51,0.41,247132123.19,28307782270.16,3371040742.97,793178083,886990,3940000000549
19800716-005213,FIN,1980,3,1980-07-01,1980-07-16,3876768260.23,581316370.74,1.34,1.21,0.15,470682638.22,628394964217.63,1464904453.28,434717711,480945,254mjMEDVQzwbMjTQsJUfWWOOtXfuKNScJIKTnZhzSGFwVPxHOospxPvzGKe
19800716-034622,FIN,1980,3,1980-07-01,1980-07-16,5995560197.23,917354176.22,0.93,0.89,0.15,335731896.02,336827921461.55,6138933191.35,981547821,1035282,052ClBMvNXnYjFRFDtsLIpJACDcmiFxDNhCRnFZyH
19800716-072448,FIN,1980,3,1980-07-01,1980-07-16,3523526401.08,666132597.21,0.90,0.87,0.19,981049278.15,293707787401.15,9561364818.72,744253130,762240,0750000000090
19800716-081225,FIN,1980,3,1980-07-01,1980-07-16,5987778530.53,143994818.74,0.21,0.21,0.02,87589786.75,242466132185.00,3499546380.34,685885799,701084,6380000000506
19800716-153349,FIN,1980,3,1980-07-01,1980-07-16,7255412678.22,4293160637.40,66.37,59.91,0.59,286689648.69,870094147255.06,1494505468.38,64689647,71655,893pmVFtISJNicSLMLBUTybzczhOfHObPpMYpBqjAaxrDHJ
19800716-195151,FIN,1980,3,1980-07-01,1980-07-16,9188849973.78,1068006300.70,6.79,6.63,0.12,195177457.58,264658367103.89,4941399989.44,157304775,161178,851qudERoimJkOWiyHWWzVJVdUHAjrTJ
19800716-233212,FIN,1980,3,1980-07-01,1980-07-16,4123970390.00,816172058.70,0.96,0.96,0.20,608058128.50,505985744412.02,8947433202.65,847343284,848634,4680000000038
19800717-061305,FIN,1980,3,1980-07-01,1980-07-17,8901709372.89,2967188857.29,43.07,41.03,0.33,627637387.88,384739518466.94,3230976425.44,68895407,72309,868LKCNUwwVcHHCDVwSxILaphVOqaSQACIMfdTAl
19800717-125635,FIN,1980,3,1980-07-01,1980-07-17,9435645104.02,6592730701.17,8.65,8.43,0.70,699905218.59,696815740103.46,356303150.78,762151282,782368,4580000000514
19800717-193518,FIN,1980,3,1980-07-01,1980-07-17,9004495221.78,2528948142.42,6.85,6.56,0.28,527507769.07,385010930870.07,6114766601.38,369269125,385593,362BGpYcUpfzLthRBzKiWXKwfyOhTvsKoPXncfICGXfmBOXfYEEGWaQOQtOG
19800718-005740,FIN,1980,3,1980-07-01,1980-07-18,8401152568.60,5524659877.81,7.68,6.58,0.66,735296353.56,542348500983.44,6646275499.47,719519475,839805,9460000000230
19800718-042800,FIN,1980,3,1980-07-01,1980-07-18,2793953263.55,189677213.14,3.31,2.91,0.07,416051374.18,916401889226.78,5582693382.79,57357140,65166,466qNcBBXTiXeNxjRSSdgzCzXLT
19800718-094337,FIN,1980,3,1980-07-01,1980-07-18,7360076001.20,4846510645.28,9.02,8.92,0.66,819006532.57,126210304871.75,7399913688.87,537342177,543444,008KmmVMAnFFPQmIEPRJFeYqLOdwxWQuDObsQcTKGNrrp
19800718-124707,FIN,1980,3,1980-07-01,1980-07-18,7804698369.02,3480999542.02,6.95,6.60,0.45,680761859.61,548597258745.40,1065595153.49,500952680,527394,1080000000438
19800718-162400,FIN,1980,3,1980-07-01,1980-07-18,6324822298.51,833945921.74,0.88,0.79,0.13,720251275.15,146458517905.52,9758144519.60,942550170,1058568,245CeuTgiXJYwLxNBKnYcVFP
19800718-221948,FIN,1980,3,1980-07-01,1980-07-18,5672041240.39,1703196555.46,8.33,7.08,0.30,626979830.38,784530705048.73,1133085531.90,204374631,240630,5720000000362
19800719-021704,FIN,1980,3,1980-07-01,1980-07-19,377396683.14,99057821.39,0.79,0.73,0.26,213240700.61,944749981054.64,9251626198.91,125136771,136031,215JrvIZAzWlMCTHGbTEAUdbBtPiFGrTXDLPtHHrjDyTiEWmrrZ
19800719-044032,FIN,1980,3,1980-07-01,1980-07-19,8670907737.10,1465616002.36,2.96,2.79,0.17,627341942.04,336305195081.31,7760962499.07,495645364,525608,553AWdVUfrvESNskWhVLFFK
19800719-082523,FIN,1980,3,1980-07-01,1980-07-19,5044135079.54,1007800083.25,3.49,3.03,0.20,288884745.57,998539605074.28,3570754435.24,288609801,332718,0270000000304
19800719-143934,FIN,1980,3,1980-07-01,1980-07-19,7050167057.37,4253197610.99,50.63,46.50,0.60,63283702.96,785982928794.29,4062809692.09,84006880,91457,9100000000457
19800719-150512,FIN,1980,3,1980-07-01,1980-07-19,3842825012.63,960815701.90,1.32,1.21,0.25,890820963.50,526080895717.44,3194373698.68,728178010,793780,815OnvOwiVZXgIReEEmKJUSnXcnThQEHWzos
19800719-173052,FIN,1980,3,1980-07-01,1980-07-19,4787003260.69,2365446126.41,19.48,16.98,0.49,421235407.00,635187695369.71,5141965279.73,121418631,139345,952mBRtpjNBECQCRiWtjEutqI
19800719-195136,FIN,1980,3,1980-07-01,1980-07-19,707798463.17,299136558.82,0.39,0.33,0.42,126855764.27,199208982005.69,6557331112.68,760493889,907431,031PJsUIKWrOYQixXIlxbGwTJPuoXTgpMNVlhHmwLGBNyDBGzjhT
19800720-000647,FIN,1980,3,1980-07-01,1980-07-20,6795697636.67,4085372697.92,6.44,5.72,0.60,334041539.82,902349887415.86,5321441942.69,633941346,714839,4360000000516
19800720-042504,FIN,1980,3,1980-07-01,1980-07-20,4588198336.07,2396425014.33,18.14,16.81,0.52,5802234.89,942125768181.39,6224323451.14,132137283,142574,8220000000551
19800720-110332,FIN,1980,3,1980-07-01,1980-07-20,6412893814.67,3521700653.77,21.26,18.25,0.55,851384312.26,240312358859.47,85730332.92,165666545,192926,559XDnNdfGcCiNIOwdZoWMTZgVYEOsHLSH
19800720-124032,FIN,1980,3,1980-07-01,1980-07-20,7352293411.24,2315842870.57,2.39,2.18,0.31,571912426.01,545585440009.87,6479922652.56,969759558,1062584,1930000000487
19800720-164408,FIN,1980,3,1980-07-01,1980-07-20,1940582464.66,1234403369.82,4.81,4.45,0.64,424081238.45,217724166534.53,1849113270.99,256730922,277404,328UrdCbNVfgRBDJnJBqqAEcToibFqrQikTdXWXeCwHSaJTKJiaH
19800720-184159,FIN,1980,3,1980-07-01,1980-07-20,8348280110.58,3168930638.09,14.73,13.02,0.38,331793533.22,941185112912.19,6276062510.81,215152320,243399,553LKcmIFGIvNgAcvIcDsIfLSTCBTFZvyKmVsXmANBQQ
19800720-204802,FIN,1980,3,1980-07-01,1980-07-20,8179094352.78,2051403759.50,4.62,3.93,0.25,272299476.84,946285705480.10,1531662343.60,443701335,522586,553PQPTIgRKQIgcUNoTJXztaMhQBjChnflCLFgFRDEQQeIvfEAyV
19800721-014629,FIN,1980,3,1980-07-01,1980-07-21,1808427822.01,303230271.84,3.63,3.10,0.17,672482824.31,333945484506.49,9012486639.70,83484686,97807,455TGCJKTzuEdhxAvEJ
19800721-054805,FIN,1980,3,1980-07-01,1980-07-21,958573590.67,345645648.28,4.25,4.25,0.36,105820337.08,603365899808.94,2588917721.36,81252196,81414,3960000000006
19800721-074717,FIN,1980,3,1980-07-01,1980-07-21,1480375269.41,989190030.70,1.21,1.12,0.67,830679467.95,775783984614.82,8787300437.01,814814147,882160,4030000000095
19800721-114650,FIN,1980,3,1980-07-01,1980-07-21,5990995131.08,2180735861.08,52.48,51.67,0.36,979791946.97,451613169190.17,812002668.20,41557521,42202,029DhEFIsYSMqHQmxAANGFHPWdKF
19800721-192340,FIN,1980,3,1980-07-01,1980-07-21,4033459479.77,254695625.27,0.28,0.27,0.06,432385537.17,683957405998.07,2513576306.08,915035897,942535,0780000000536
19800722-001717,FIN,1980,3,1980-07-01,1980-07-22,2032780555.06,969640507.52,2.94,2.84,0.48,920708579.25,132235132375.87,7476680447.59,330064332,341754,9750000000198
19800722-023024,FIN,1980,3,1980-07-01,1980-07-22,4578514308.32,1854068658.36,2.66,2.50,0.40,88268262.55,671501610107.41,453369666.01,696264209,741811,974cnHBRWQIBLsJsxkZrhYEtEvGWklRUjBgz
19800722-084300,FIN,1980,3,1980-07-01,1980-07-22,5861910487.02,1345148588.67,2.97,2.81,0.23,60105236.09,212939968551.20,1147182518.08,453010846,479472,521ONhcAQwlnmqCCWDoczkXiLhbZXsEJrEEXDUBOGQFbkIMJyvn
19800722-142149,FIN,1980,3,1980-07-01,1980-07-22,6174228588.84,3672673616.87,5.50,4.82,0.59,50813270.68,509380836757.45,4178491101.98,667883837,762641,5250000000565
19800722-160520,FIN,1980,3,1980-07-01,1980-07-22,4947370224.63,1005488517.06,6.24,5.78,0.20,319411327.78,13821992925.91,7928621539.98,161047888,173934,127iBKgxcTWyRMKcJTXtLWASRTcxWgAbJIwHlzjsIbNmFNTlSQxJ
19800722-212104,FIN,1980,3,1980-07-01,1980-07-22,4270019990.68,2946838432.84,4.20,3.54,0.69,466657925.84,287678878394.98,8656971999.32,701559455,831459,9900000000165
19800723-031031,FIN,1980,3,1980-07-01,1980-07-23,939828026.60,562480696.94,0.68,0.60,0.60,887918947.99,860224178622.60,8625975742.83,832880467,944659,3810000000392
19800723-093323,FIN,1980,3,1980-07-01,1980-07-23,5981388683.14,3156964658.68,6.96,6.44,0.53,683886272.60,133005019509.06,7532542218.83,453277921,490515,470pMuLUGMosWnjAzaqjUAROgGlGjrlMCamVDcxCjnUTCdbPClHGBWXETIWH
19800723-102025,FIN,1980,3,1980-07-01,1980-07-23,4730837561.75,1174500661.14,1.41,1.33,0.25,99970837.53,251257507316.79,6730003629.02,834841603,886356,921BSyEXoGLJUVuEPGkDYcDEHfyTqmVvWBdQUtUbuxlyCHjDSMlOz
19800723-124315,FIN,1980,3,1980-07-01,1980-07-23,9585515315.58,5464794722.29,8.65,7.41,0.57,388403314.22,659794795324.43,6986309568.02,631924257,737206,885niISurcNZMDtUHJAAmpALeY
19800723-191918,FIN,1980,3,1980-07-01,1980-07-23,8896099802.67,2330662084.50,4.08,3.96,0.26,810544848.46,815723239726.96,4456507607.71,570737660,587934,556KfRERJQxDalgYSIFQgEiw
19800723-232231,FIN,1980,3,1980-07-01,1980-07-23,7224748774.61,2048530996.52,2.98,2.67,0.28,739862912.91,760511341756.18,6416944804.65,688134870,766438,375PVUBlTHiwNjfViahNMSzDDICOPCcemIISPJPpQmntfBzsYFgObrXHpEFm
19800724-020102,FIN,1980,3,1980-07-01,1980-07-24,3354736659.20,417076309.80,1.91,1.83,0.12,445965948.95,19037146500.30,6951257520.47,218739049,227922,076hDncBMnJGTJJpRANH
19800724-080627,FIN,1980,3,1980-07-01,1980-07-24,9580309424.60,777363385.05,1.29,1.14,0.08,744155482.80,280108882366.68,676547402.88,600597354,680981,4050000000206
19800724-103339,FIN,1980,3,1980-07-01,1980-07-24,9086249291.67,240724651.43,0.53,0.47,0.03,532233855.11,508439067755.90,5614114905.02,453090198,511818,9850000000150
19800724-124201,FIN,1980,3,1980-07-01,1980-07-24,7262550431.68,1103589673.32,3.13,2.68,0.15,554745954.34,577022773630.28,6593423202.09,352230258,412515,8310000000527
19800724-150554,FIN,1980,3,1980-07-01,1980-07-24,3504946656.40,2048391749.95,4.83,4.63,0.58,626582053.07,612153374595.82,937868759.69,423679088,442360,8380000000324
19800724-150708,FIN,1980,3,1980-07-01,1980-07-24,1357251947.58,505038062.73,3.18,3.15,0.37,745733097.78,2679839154.14,3896088531.71,158685877,160383,6490000000029
19800724-200617,FIN,1980,3,1980-07-01,1980-07-24,4336947766.57,3017111409.41,4.73,4.10,0.70,181984846.17,819229049958.44,253971477.02,638472584,735531,355KlswgMnKzBTRtRjrkLqgQRxec
19800724-220907,FIN,1980,3,1980-07-01,1980-07-24,6855383167.03,1279333931.20,2.49,2.09,0.19,730636152.84,354836692160.00,4179092145.31,512871891,612172,982VZsPYGQdcDUUYajZK
19800725-035755,FIN,1980,3,1980-07-01,1980-07-25,2161142071.51,27941965.75,0.09,0.08,0.01,354916664.58,966920268322.32,4022384411.65,304227923,358794,334ZQYailTIEZiQenSJeSxDReNdZVtS
19800725-054338,FIN,1980,3,1980-07-01,1980-07-25,8603197881.84,4426557059.30,26.91,25.71,0.51,154146539.09,953007152759.30,8226218078.50,164512690,172145,3130000000409
19800725-102059,FIN,1980,3,1980-07-01,1980-07-25,3058265680.92,950297396.80,4.50,4.47,0.31,774215289.71,572588550551.62,6619860586.15,210943255,212687,6870000000240
19800725-173817,FIN,1980,3,1980-07-01,1980-07-25,9487809197.76,2446603365.11,3.05,2.84,0.26,979053027.79,619483734477.88,3263045914.30,803141514,861496,879RwMVIveGZUngCTRjOjhJsfVt
19800725-233938,FIN,1980,3,1980-07-01,1980-07-25,172018596.49,45943835.20,0.05,0.04,0.27,199215013.71,153986227901.06,3489196095.37,986405100,1126080,0080000000407
19800726-045709,FIN,1980,3,1980-07-01,1980-07-26,1291614679.95,873114956.45,2.68,2.50,0.68,8949771.34,341429267320.13,8366457087.07,326307144,348901,781EHhVHPSQttYrETUxcMnrihIePeOLrTFUmdIKeQiGfzuibJwRV
19800726-090901,FIN,1980,3,1980-07-01,1980-07-26,39625783.97,6688822.93,0.01,0.01,0.17,248526418.65,840749434235.80,3163268845.14,577528261,691411,3480000000326
19800726-113825,FIN,1980,3,1980-07-01,1980-07-26,5099469689.99,3437352949.13,3.97,3.74,0.67,475613812.91,976907807256.54,3598502273.16,866094786,918724,7530000000236
19800726-160916,FIN,1980,3,1980-07-01,1980-07-26,7438895724.93,5010387102.71,8.29,7.96,0.67,191347028.73,562935120908.08,7736879151.94,604417442,629449,1860000000545
19800726-185308,FIN,1980,3,1980-07-01,1980-07-26,4369107113.25,203023963.21,1.07,0.99,0.05,507295088.44,172702650881.43,6993213913.28,189458767,204745,519iXUGHHxqpzQXrsqqQTEnuXFxroDeijHhLDuSP
19800727-015940,FIN,1980,3,1980-07-01,1980-07-27,108546201.83,55716789.94,0.07,0.06,0.51,775813979.11,602899081734.30,2014868412.64,758778724,865525,4050000000413
19800727-080232,FIN,1980,3,1980-07-01,1980-07-27,3481427230.06,1258223480.25,3.48,3.24,0.36,657499976.73,136097626008.09,708220550.59,361111150,388932,2950000000320
19800727-110157,FIN,1980,3,1980-07-01,1980-07-27,2664006362.10,1711420580.18,2.19,1.96,0.64,699352939.89,654832070987.16,6177638411.39,782747754,871229,6670000000186
19800727-170616,FIN,1980,3,1980-07-01,1980-07-27,5390757993.49,1969668899.70,137.19,125.78,0.37,345396097.74,395900782302.30,2606406633.00,14357750,15659,536tIMMVsQDUuUpCoOLDUKFGyLbXTXOLRoKtWKEKVVWlWygBSlY
19800727-181453,FIN,1980,3,1980-07-01,1980-07-27,8998817233.49,3836491170.93,4.47,3.77,0.43,782770607.40,227233914578.94,6437447667.32,857770328,1018196,160NzPPOvaDXUEaahXSUBxgGTdt
19800727-183624,FIN,1980,3,1980-07-01,1980-07-27,6119120398.05,2895325949.05,6.96,5.94,0.47,668919568.61,718177927381.61,8957616730.61,416143801,487254,4200000000077
19800727-232529,FIN,1980,3,1980-07-01,1980-07-27,8315866018.20,1651936693.66,7.12,5.97,0.20,489894356.78,332691224943.40,2378151863.42,231961884,276502,943XjSxlGRryfrgvCMaReGMEXLJuiXaSRQMSTRccKTbdXRVwcSDVVf
19800728-012021,FIN,1980,3,1980-07-01,1980-07-28,16019473.27,8533770.87,0.06,0.05,0.53,738716428.73,114480610368.49,4687818821.66,147611544,176060,4890000000418
19800728-023756,FIN,1980,3,1980-07-01,1980-07-28,192718812.50,85633074.48,0.18,0.16,0.44,147587751.29,524632514760.26,4559130691.58,483285872,537012,1740000000137
19800728-063005,FIN,1980,3,1980-07-01,1980-07-28,8512991975.62,2681352296.47,6.38,5.48,0.31,106682784.97,875616588570.80,7994457817.16,420067747,488922,1890000000405
19800728-124908,FIN,1980,3,1980-07-01,1980-07-28,4464683812.64,444241740.11,0.48,0.41,0.10,896866347.98,105749870619.37,3383200926.80,926263609,1075473,4910000000540
19800728-160918,FIN,1980,3,1980-07-01,1980-07-28,4315265905.38,1170129983.80,1.56,1.47,0.27,731742127.35,263067414770.07,6141997366.27,750012823,798016,1780000000191
19800728-204119,FIN,1980,3,1980-07-01,1980-07-28,6245935819.07,1440597478.37,2.37,2.30,0.23,923470898.00,777311518005.34,7728137720.18,606704026,625657,2840000000436
19800728-235533,FIN,1980,3,1980-07-01,1980-07-28,8947941434.59,451018312.05,0.75,0.70,0.05,315257487.81,174056612135.00,1473418620.56,602734387,642675,2410000000577
19800729-054259,FIN,1980,3,1980-07-01,1980-07-29,6569374281.62,3628924475.31,5.55,5.00,0.55,580942974.42,548235370159.04,2882536851.89,653636528,726285,3630000000459
19800729-075547,FIN,1980,3,1980-07-01,1980-07-29,8838547503.48,2010850755.90,2.52,2.51,0.23,132057367.51,281821677520.24,208101156.94,797719207,802569,439hLVgKYfIAzFOLUtDEVziLsKZDBUvAfdYDovfLNhVCUwSfIDPgAjrqNO
19800729-090115,FIN,1980,3,1980-07-01,1980-07-29,8412028254.20,4716786177.10,113.79,102.27,0.56,200679595.49,825065415659.44,5685743131.76,41450417,46118,7160000000472
19800729-140852,FIN,1980,3,1980-07-01,1980-07-29,7543640863.74,5233482591.47,13.12,11.59,0.69,747783652.68,969223176692.45,335852846.14,398848333,451381,1410000000605
19800729-145842,FIN,1980,3,1980-07-01,1980-07-29,7319292054.19,4248510122.11,45.08,39.12,0.58,671527293.21,19017817204.99,9017303985.54,94252888,108613,1770000000196
19800729-181420,FIN,1980,3,1980-07-01,1980-07-29,7780191164.00,4147490214.18,53.92,52.53,0.53,688817688.57,772425654764.48,5317320491.42,76925733,78957,9560000000042
19800729-220402,FIN,1980,3,1980-07-01,1980-07-29,8041388396.73,81314337.86,0.09,0.08,0.01,800044115.53,353815400158.37,1864769118.79,924413313,1027068,8440000000341
19800730-002246,FIN,1980,3,1980-07-01,1980-07-30,2400356351.90,533992040.35,1.12,0.99,0.22,210881032.24,16723427180.97,8545652703.74,476354758,539982,981nBlEjRFrvzUUIPMbwrBpnWc
19800730-055028,FIN,1980,3,1980-07-01,1980-07-30,6785281488.42,2285992573.86,43.71,37.02,0.34,914151648.01,753477407130.81,859175157.93,52295215,61744,492FWHthqwMKQoxFsZNuSyNWXcWDDWLyFsrdHLpjoZpNVxFBEHVT
19800730-090757,FIN,1980,3,1980-07-01,1980-07-30,9851705370.84,1342576829.41,106.62,103.21,0.14,938391858.84,871347773114.85,4621715115.75,12592612,13008,566EVnyFUGFEJmFNaFNVU
19800730-104659,FIN,1980,3,1980-07-01,1980-07-30,351640142.79,216764428.01,0.32,0.29,0.62,797285256.63,234142202503.49,9337423008.71,670058736,751226,213TgHMierZoiXSCcQubvNwagBgdORKgFX
19800730-175909,FIN,1980,3,1980-07-01,1980-07-30,2982690049.48,372029370.78,1.43,1.40,0.12,739387996.37,249475521144.62,3060893247.82,260178705,265539,835YtvHEQBjudJlIIctWcFxmnzyLLXwZIjQbTYYSJjShQPPW
19800730-221939,FIN,1980,3,1980-07-01,1980-07-30,6897847295.76,2133930271.04,4.63,3.89,0.31,256885853.78,7893143509.83,2979253488.32,460732377,548630,488DFfLCWNBMANVNNVospfGiAJTCJrfFqKRzfHTFdNDAvQwIcZ
19800731-032304,FIN,1980,3,1980-07-01,1980-07-31,1999916368.95,898560416.94,1.27,1.25,0.45,294038628.58,564338561639.06,6834057141.05,705201642,718537,2210000000465
19800731-041216,FIN,1980,3,1980-07-01,1980-07-31,1288650821.73,350061670.99,1.04,0.95,0.27,195851120.26,973167591660.64,3991443232.54,337316736,369011,332PGDBgEZqRneMoLzzQWIWKPqUm
19800731-080413,FIN,1980,3,1980-07-01,1980-07-31,7844954528.06,1475916215.51,1.89,1.75,0.19,439378648.07,733992591280.62,5925077206.47,780128383,842162,159LDUsEcYHRKMJEGXlGGhOOXBF
19800731-101034,FIN,1980,3,1980-07-01,1980-07-31,6761470323.17,2277519845.50,2.76,2.39,0.34,469749151.41,278291795320.40,3053624631.45,825640212,951261,1230000000219
19800731-114905,FIN,1980,3,1980-07-01,1980-07-31,2354392814.52,714235060.75,2.61,2.47,0.30,377107457.53,501507138357.60,6417486436.96,273622112,288732,1520000000122
19800731-143109,FIN,1980,3,1980-07-01,1980-07-31,6334685964.64,71016991.76,0.16,0.15,0.01,35471557.05,253806969092.36,7724372847.35,457394424,470747,294UKFcnKTFeKKrDiCQaSvHKASfMHqqwaibByIFXMzCNUKdDSAl
19800731-161951,FIN,1980,3,1980-07-01,1980-07-31,7008186863.38,4256794412.10,16.96,15.62,0.61,110546091.17,351271648420.70,4062479060.25,250960430,272552,894EsHPWeZIUldfxNQnmwk
19800731-204354,FIN,1980,3,1980-07-01,1980-07-31,7888849693.79,4898823761.83,5.74,5.27,0.62,523573132.06,662583140952.77,1857450454.21,853031386,929236,007jlkBZXPcVEbEkvquHcRWHHHVGNQxJWnBWpCCCKENWGMjHFABR
19800731-230406,FIN,1980,3,1980-07-01,1980-07-31,2864913893.86,556057422.71,1.23,1.21,0.19,895863809.69,697290866205.75,3894443925.39,450286342,458218,3420000000023
19800801-021035,FIN,1980,3,1980-07-01,1980-08-01,5043086054.41,3239577360.11,5.01,4.19,0.64,281806051.63,899420405863.11,445397398.90,647189961,773602,2290000000454
19800801-074837,FIN,1980,3,1980-07-01,1980-08-01,8713743585.17,4341917350.31,5.53,4.72,0.50,587455749.44,363460317120.09,9882792361.89,785052973,918930,2100000000291
19800801-103858,FIN,1980,3,1980-07-01,1980-08-01,7157969696.28,1248698898.79,3.02,2.73,0.17,241850483.79,62929393823.76,1298679233.52,414139484,457222,3560000000439
19800801-105608,FIN,1980,3,1980-07-01,1980-08-01,5074842876.06,2860563432.45,330.92,290.91,0.56,264496585.68,590975963636.60,6949896097.61,8644355,9833,225hLJBQUzrFVOXJcPWoMTCtDJWVHTNVVRwBxaKF
19800801-154044,FIN,1980,3,1980-07-01,1980-08-01,1746601661.50,458317052.37,2.02,1.72,0.26,68845812.40,183803648090.64,5223000357.92,227113111,266860,6110000000000
19800801-182115,FIN,1980,3,1980-07-01,1980-08-01,9683034310.33,1847640671.39,15.03,14.46,0.19,427041055.57,432699391406.67,2946000329.94,122963282,127738,849ePIcQkkPxOzAdSJDANVrNrOsvTFxFUFXqYVRXOERVVXGORPfQsMOAUUtK
19800801-205919,FIN,1980,3,1980-07-01,1980-08-01,4022179373.89,1533764021.15,2.88,2.51,0.38,106784205.38,190844913234.81,6215716130.76,532715248,611909,713XWvEqGJIxehWybbTNVeZbBdBYBIOrnfVRfaafSYBIXK
19800802-010909,FIN,1980,3,1980-07-01,1980-08-02,2970620627.54,1373754785.62,2.28,2.11,0.46,536741039.82,390467825251.65,7476924119.80,602234703,651040,471KwGGHtkLxtWGPwoGFVBKTqHdHhmZbSsgyyHfJEsFJbOuJAQfYzTNZNcID
19800802-022727,FIN,1980,3,1980-07-01,1980-08-02,2238179316.37,366419273.67,1.30,1.09,0.16,978189932.55,484168173797.86,2648674148.17,281050488,335843,3940000000133
19800802-075351,FIN,1980,3,1980-07-01,1980-08-02,1547022710.35,310772306.25,0.37,0.34,0.20,887797185.11,897534019073.27,4466253982.30,831707661,909037,387RLlLwSLbWBiPgpevBBGJONOMFBUYgoJBHUVmKTCeabxSunlkCdrTktX
19800802-094535,FIN,1980,3,1980-07-01,1980-08-02,5384580848.19,1346405653.81,7.75,7.09,0.25,674700398.45,582538865844.59,4689849332.27,173661445,189950,961DQuJNtEYqROCQUqiSrVTNyPDbqoiEAHxIIhMFJpSwLlaTsi
19800802-170612,FIN,1980,3,1980-07-01,1980-08-02,3948432818.26,1645758466.99,6.34,5.69,0.42,770856024.14,129600972013.70,582551956.18,259469120,289221,041WWZnPQCzopSOWpJARPzEqydPAK
19800802-225828,FIN,1980,3,1980-07-01,1980-08-02,7397013069.28,328116539.66,0.57,0.53,0.04,10639568.86,946303336902.62,3152406689.87,574977802,619111,6830000000231
19800803-050232,FIN,1980,3,1980-07-01,1980-08-03,5494228542.08,1292957375.34,2.97,2.71,0.24,883921446.65,509377634061.83,9958860806.26,435319634,477880,608UfSHWSCITBCAOZQunWBPoRwGIRuCUoPSdEQARTADOJmAyACdfM
19800803-073057,FIN,1980,3,1980-07-01,1980-08-03,6603009978.71,3553197283.56,15.72,14.58,0.54,653819462.52,352033781271.29,2121377560.56,226049351,243782,558hcPDGWJeqNhVOJEHQzDTICfkFUCNaLlcnCkzQvSJALfIzRb
19800803-142856,FIN,1980,3,1980-07-01,1980-08-03,2597257907.81,596855468.92,3.92,3.31,0.23,779363686.48,488962253147.20,2313214306.29,152280169,180328,784RhUQRxcjdEgKAzNIHpMnLOkaWYvDQqHM
19800803-162107,FIN,1980,3,1980-07-01,1980-08-03,1903430260.54,1052922193.26,4.20,4.01,0.55,773630228.08,96401301290.81,982646581.20,250565408,262532,188EKxtQJAcqNDYsGjPTVlSMPKGHLQauQwSokAAzptqRDUgdn
19800803-172915,FIN,1980,3,1980-07-01,1980-08-03,5097769824.12,1143964458.95,1.48,1.31,0.22,49039767.44,985940914925.95,3323523905.63,775004165,871522,383fSKZtYidUmdFNCVUbIpLsUJfWaXWMdMCRQmEoYqkibwHroQdFTLDdKWs
19800803-213726,FIN,1980,3,1980-07-01,1980-08-03,2632304407.15,1204540292.07,1.75,1.61,0.46,207738634.61,215517041777.15,3356395890.37,689303161,746557,3040000000560
19800804-004605,FIN,1980,3,1980-07-01,1980-08-04,1769550786.49,613071521.88,3.88,3.25,0.35,160448039.58,383762612721.23,4209403962.60,157844336,188432,2200000000474
19800804-052240,FIN,1980,3,1980-07-01,1980-08-04,9601049027.49,2188050020.14,8.57,7.57,0.23,439633530.87,277500453010.71,6356672419.75,255175609,288993,7330000000045
19800804-062359,FIN,1980,3,1980-07-01,1980-08-04,4988522834.50,2703333210.14,7.37,6.65,0.54,709131757.45,591980892865.59,6537045438.58,366944785,406424,044xusTszaAbgwnfcAmfKVarNCrANUVCpmHQKKuWPXvljshueoBLMHi
19800804-064943,FIN,1980,3,1980-07-01,1980-08-04,2881104244.59,1938728481.10,2.63,2.45,0.67,383636009.01,842376004204.00,9939012203.63,738324913,792559,0070000000477
19800804-094422,FIN,1980,3,1980-07-01,1980-08-04,4575280694.99,1277002362.72,11.75,11.53,0.28,139574812.36,118475691953.91,1900306676.70,108654605,110740,237NvcsQmlNGvrUpHVMNMKHzdZhzXKERsNxWKMVBzKlsSBM
19800804-143128,FIN,1980,3,1980-07-01,1980-08-04,9863233419.09,958474185.02,2.78,2.61,0.10,443168602.82,769778500490.00,3439162742.57,345103249,366828,8460000000553
19800804-201351,FIN,1980,3,1980-07-01,1980-08-04,3827747356.25,2131234484.80,17.50,14.65,0.56,675984801.25,210543444145.87,7293027204.46,121756390,145510,793XEYdozBcEbPhRFHwKiUQyBWXKiOSSZlHFtNCTxUNaBRyBgaISh
19800804-223832,FIN,1980,3,1980-07-01,1980-08-04,5982348392.05,1195635621.43,1.43,1.30,0.20,830815844.93,880320481996.01,3630857031.83,833790670,921888,3330000000520
19800805-020601,FIN,1980,3,1980-07-01,1980-08-05,5718944025.44,468354691.86,0.49,0.45,0.08,821644217.39,176568308009.99,4483844216.82,961556465,1035676,429NETywBVQRDrvjEMFNOUECiUBQnOVFLSdbNhLTqVKJxSLJIXNsm
19800805-083123,FIN,1980,3,1980-07-01,1980-08-05,5536666769.63,2702481342.92,26.78,26.34,0.49,412141834.07,43956315930.78,8320633447.19,100923323,102582,870GQgODZYcTEajaEMYDrWGoMdiJOENBaMGcnwYwuNTRPoOXXVjWD
19800805-104550,FIN,1980,3,1980-07-01,1980-08-05,6778332818.93,3118353373.53,5.71,4.85,0.46,473389940.50,214067570355.64,9733700612.90,546457904,643591,849TWgSrfQhsiUZzNjENbDdCUXJxqjJVuRH
19800805-172335,FIN,1980,3,1980-07-01,1980-08-05,1617973836.95,581954816.11,1.07,1.07,0.36,835086110.77,612103920470.48,6339048474.16,542103554,542144,733inZSWxMORYAMakTEICVCgOECFdCknDeuMDaK
19800805-205114,FIN,1980,3,1980-07-01,1980-08-05,6590341540.47,2024051918.72,4.82,4.49,0.31,219893044.49,171985138721.55,6067109782.23,420219394,450899,2260000000040
19800806-022512,FIN,1980,3,1980-07-01,1980-08-06,5469259572.95,1152190789.79,1.93,1.62,0.21,3289090.96,312756727476.39,8157386279.46,596024253,713216,3690000000051
19800806-095615,FIN,1980,3,1980-07-01,1980-08-06,881147472.99,566489743.32,2.24,1.93,0.64,503274450.96,145429864797.69,5709524382.33,252772078,293244,3480000000476
19800806-115728,FIN,1980,3,1980-07-01,1980-08-06,4853087803.26,205489562.90,0.29,0.27,0.04,392663446.18,320060151289.09,1122430576.48,700688696,764468,9110000000264
19800806-182517,FIN,1980,3,1980-07-01,1980-08-06,271145222.66,65485106.76,0.92,0.90,0.24,133181685.86,448697132074.87,9565080964.20,70835196,72735,372WAUYdXNERWrDlFxcxhSWqEIJvzOFNSKbuUHsrWRIRHHkQpsvEXCCZHBCM
19800806-212041,FIN,1980,3,1980-07-01,1980-08-06,5365358950.08,1818961210.50,6.44,6.23,0.34,73541714.01,721532147505.89,1670930854.93,282326690,292037,516UeizQETXIKRQQajgPixNtKPPJYjnaOANfKTiKleRGQ
19800806-224300,FIN,1980,3,1980-07-01,1980-08-06,167994214.64,105375378.11,15.62,14.99,0.63,410267129.71,186987682635.88,8308880548.19,6745344,7031,4870000000448
19800807-025042,FIN,1980,3,1980-07-01,1980-08-07,547004837.73,17763554.67,0.03,0.03,0.03,789580268.20,660597226384.38,5975805325.37,572155955,646426,184WMNDpqxOHgsCSqVldnXunrzVyeRcTT
19800807-071339,FIN,1980,3,1980-07-01,1980-08-07,5505322395.75,3369317054.95,8.73,7.56,0.61,917041695.72,825728368984.16,2644383900.80,385848376,445439,659QNZUltgBGCXGYshw
19800807-104349,FIN,1980,3,1980-07-01,1980-08-07,5212236579.94,1037563632.57,1.54,1.43,0.20,143945708.63,667680640766.41,56220836.83,675633893,723860,8860000000601
19800807-174348,FIN,1980,3,1980-07-01,1980-08-07,4266036433.93,1401433881.66,4.89,4.24,0.33,340428159.78,673339905575.57,7204795842.95,286551435,330713,319fLwaKJvVSwmuhPM
19800807-191557,FIN,1980,3,1980-07-01,1980-08-07,9691665579.67,6344421284.38,94.89,82.47,0.65,547994184.52,781608362030.94,8099088209.43,66863236,76929,4550000000547
19800808-004124,FIN,1980,3,1980-07-01,1980-08-08,448564209.47,225589899.24,2.35,2.15,0.50,646546636.12,541908091832.38,1342532098.18,95840153,105006,2310000000453
19800808-010935,FIN,1980,3,1980-07-01,1980-08-08,7686567124.32,880638271.88,30.26,25.31,0.11,594880714.69,294446884200.02,4837399584.83,29102168,34793,431DPmKKcNEbqMJTBUZZzGREJXQQyzNIBlMf
19800808-011742,FIN,1980,3,1980-07-01,1980-08-08,666149550.45,174811191.31,0.19,0.18,0.26,402806794.50,520228253787.44,6337435231.62,908438709,945891,9300000000442
19800808-040549,FIN,1980,3,1980-07-01,1980-08-08,3657955685.96,2331656390.08,2.99,2.66,0.64,911492583.21,379836259987.37,175576360.47,780999986,877054,3710000000259
19800808-102102,FIN,1980,3,1980-07-01,1980-08-08,9675742986.38,4910639433.30,7.36,6.93,0.51,497070990.51,431031600991.18,9153886552.73,667119613,708102,2620000000033
19800808-130440,FIN,1980,3,1980-07-01,1980-08-08,4801817099.62,1222845504.48,2.16,1.92,0.25,133867573.37,269590069145.97,6193379104.82,565030938,636897,2600000000058
19800808-132132,FIN,1980,3,1980-07-01,1980-08-08,6964696707.75,2241226030.71,11.52,11.46,0.32,821381250.61,542616019631.87,7919676306.53,194517028,195514,243PVTsaYRCTMqBktonpjkKSTKSHuXHlQUxDyBIPUqPAwSk
19800808-183113,FIN,1980,3,1980-07-01,1980-08-08,306230401.94,189207673.70,0.23,0.20,0.62,947778689.03,342991760557.40,3509932278.96,821442927,964387,651EFTQivMWXlRpsEkoNFnjgoioPqPJoeOVWQ
19800808-212151,FIN,1980,3,1980-07-01,1980-08-08,3049868030.28,1613536291.46,5.13,4.74,0.53,920782339.24,706415126533.51,6071619404.93,314322599,340294,561bFlqRPBnKJGHCXkPRPid
19800809-013353,FIN,1980,3,1980-07-01,1980-08-09,5477342552.66,30145780.62,0.57,0.52,0.01,388381666.05,649120761861.34,940062936.61,53071484,58462,788dGTSaPOJMHvtCCHelvrPOQXnY
19800809-061624,FIN,1980,3,1980-07-01,1980-08-09,4949988669.91,2452392347.19,150.08,145.37,0.50,559234566.54,667834077968.22,1373990528.97,16340336,16870,2370000000270
19800809-130358,FIN,1980,3,1980-07-01,1980-08-09,4479493973.48,1081198373.02,2.28,2.16,0.24,482699948.46,407514626858.60,8198978502.30,474550485,500105,9680000000529
19800809-192645,FIN,1980,3,1980-07-01,1980-08-09,1046874321.86,38865447.66,0.35,0.30,0.04,862347147.65,466608251089.65,6341112541.62,110251882,129272,689tECVFzaZYGOIcLqmNMn
19800809-225331,FIN,1980,3,1980-07-01,1980-08-09,6660347135.93,1123503230.16,71.40,64.92,0.17,293239466.16,398371419722.63,6310026093.30,15734878,17307,0360000000296
19800810-014222,FIN,1980,3,1980-07-01,1980-08-10,531122961.73,369745918.27,0.52,0.47,0.70,536356200.37,122877262179.11,9572836680.56,708281511,780928,1550000000210
19800810-084713,FIN,1980,3,1980-07-01,1980-08-10,2130247500.94,1453163034.98,6.54,5.91,0.68,130344155.42,939200341642.78,4999686885.55,222288454,245899,950FytIPQGtkNhoLCspegYgupGffphSskKfYOcWwWMGCbMMWKkmCuNp
19800810-130236,FIN,1980,3,1980-07-01,1980-08-10,3824202167.22,267349270.17,0.66,0.63,0.07,202985530.31,285576662324.00,3093986964.11,405369282,422073,6880000000161
19800810-163120,FIN,1980,3,1980-07-01,1980-08-10,5022225538.50,1182879773.00,6.93,5.93,0.24,363600077.69,947996544010.93,2930941097.52,170805345,199571,9420000000548
19800810-224547,FIN,1980,3,1980-07-01,1980-08-10,1645623834.12,1110786985.30,1.89,1.89,0.67,766423993.94,616118049733.05,4284053278.30,586206618,589066,947bVdysLBHshjuPhsNYkHFNjcUcvqFIGJCdTiXjgeSviTyXxtbw
19800811-012330,FIN,1980,3,1980-07-01,1980-08-11,9395477463.23,6378679170.77,11.56,9.85,0.68,179565005.18,465188163223.48,9694513671.55,551884594,647301,354RqhFUxJZrMIvAQRqPBvfTs
19800811-081649,FIN,1980,3,1980-07-01,1980-08-11,6264389934.33,184587435.69,0.42,0.40,0.03,915180968.26,946222378569.00,1222329717.90,442800593,459524,000HTVgzOLbcXLlFrFJcvEFRXR
19800811-124904,FIN,1980,3,1980-07-01,1980-08-11,1147573963.60,191397996.27,0.28,0.25,0.17,328601497.36,871191044657.39,8786411755.95,679855727,754800,3370000000069
19800811-133922,FIN,1980,3,1980-07-01,1980-08-11,4140897890.14,2195317249.21,3.14,2.64,0.53,552678316.93,33972942705.75,1045383339.17,699836732,831372,561UOiPPAqTHALSquMEWyPKUQDUMJVXvMfKqTZ
19800811-162320,FIN,1980,3,1980-07-01,1980-08-11,9231618186.85,5509583321.67,7.00,6.20,0.60,112716083.22,660740018394.88,3828216013.70,787121144,888802,7090000000538
19800811-165447,FIN,1980,3,1980-07-01,1980-08-11,2096509472.77,1284563188.71,37.74,32.72,0.61,883966634.51,792738427022.21,2546212702.86,34041380,39259,223HxzoYsDAKSPENhVFhNKSkKmGIMCcGmnILQJPtbDNGKngRypBIdcTCrF
19800811-194727,FIN,1980,3,1980-07-01,1980-08-11,5432081106.27,512936117.54,4.62,3.87,0.09,658618003.87,33132009263.79,1444174310.79,111052916,132371,239uyGETWOVHJKoFHwTOGLN
19800812-030546,FIN,1980,3,1980-07-01,1980-08-12,5478037767.25,1288983855.07,3.70,3.10,0.24,319711378.02,604591085376.58,8378355968.22,348462138,415279,049sFUPMbMzZhWukEqBOFVslISMGF
19800812-045310,FIN,1980,3,1980-07-01,1980-08-12,5666795083.94,1604471887.97,2.09,1.78,0.28,684953219.16,568169243244.86,4905647369.76,766078815,899836,5810000000593
19800812-073514,FIN,1980,3,1980-07-01,1980-08-12,8491678521.70,1766687346.49,1.84,1.82,0.21,31246910.83,666331664255.71,9122767656.91,959016795,970980,5940000000242
19800812-122911,FIN,1980,3,1980-07-01,1980-08-12,9123845642.97,5007480761.38,260.38,225.11,0.55,449462854.23,768651196302.13,2897171536.76,19231322,22244,198kTZKzzxQfQSRKHncCK
19800812-181019,FIN,1980,3,1980-07-01,1980-08-12,3542284065.71,996705321.56,2.10,1.85,0.28,36807185.85,380404956943.92,9236639086.28,475308948,537631,0170000000260
19800812-190621,FIN,1980,3,1980-07-01,1980-08-12,206787069.56,142004767.28,0.24,0.22,0.69,933865841.30,750025008394.46,9995037574.41,590918903,651427,490nFkXCFIQQcAPOHRuYtieKkGSZpAdCmvxWPuheWUSLiFkN
19800813-020526,FIN,1980,3,1980-07-01,1980-08-13,1826958017.26,820187432.45,1.05,0.97,0.45,302029216.94,297137320032.41,5727317290.28,782593464,842428,9780000000419
19800813-075923,FIN,1980,3,1980-07-01,1980-08-13,2352294084.31,930988895.27,1.38,1.30,0.40,498336581.51,182430703512.96,2969555628.86,674608368,714439,245tTUAfoWQKwcDHtQLAZMwzFpRYSTJLRpTJRFUEJZRMy
19800813-101942,FIN,1980,3,1980-07-01,1980-08-13,4359242675.31,1956696863.80,2.17,2.07,0.45,908773324.64,179699751972.60,5262891235.71,902336928,945631,2860000000314
19800813-171703,FIN,1980,3,1980-07-01,1980-08-13,5415737291.96,165793962.76,0.20,0.18,0.03,740899391.95,715997686553.25,8581221308.09,816506667,943539,8470000000366
19800813-174612,FIN,1980,3,1980-07-01,1980-08-13,9416812559.09,1967916699.78,2.89,2.82,0.21,646607777.21,612267321489.10,8330213268.52,682031281,698778,449UXGHkVXHONXySRVzmlfgOKLOPXECLsMMjGzHJnirREX
19800813-230243,FIN,1980,3,1980-07-01,1980-08-13,5555096148.10,3621361754.67,6.95,6.71,0.65,797172402.84,227557458759.95,6770909368.62,520925303,539563,3580000000528
19800814-042244,FIN,1980,3,1980-07-01,1980-08-14,6229669848.74,3417731721.50,12.38,12.21,0.55,212194827.46,432714028099.16,538497421.65,276026077,279941,7180000000099
19800814-063702,FIN,1980,3,1980-07-01,1980-08-14,3214516157.32,967541676.30,4.93,4.27,0.30,981458266.03,505651499706.37,9268477710.83,196239494,226454,259WNuswNUGUsKQhaVzJUvPDSnvEKEoNZTLpQ
19800814-130532,FIN,1980,3,1980-07-01,1980-08-14,4781183519.34,2535709097.57,3.04,2.62,0.53,937075510.56,744188922620.36,7303703742.51,834449571,968991,849QPoUnLDTrDgYSUKWmSCDOMHFQOuOStATjAIXdgAbzman
19800814-171825,FIN,1980,3,1980-07-01,1980-08-14,5696073289.73,3148739096.08,5.94,5.16,0.55,596205222.78,621282836530.92,3563247666.16,530192394,610736,271wiFRVPFqQNGELjgHzDAyVoYLlCEZUsKnSGD
19800815-004331,FIN,1980,3,1980-07-01,1980-08-15,944601792.25,464537224.50,0.65,0.65,0.49,408580397.42,15530934131.85,4559973849.61,710410154,719131,394tYUELPJWFzDOmlWEUA
19800815-064111,FIN,1980,3,1980-07-01,1980-08-15,4508764843.17,406010915.35,3.37,2.86,0.09,873933913.46,446435496775.88,4569583603.50,120502761,141863,2120000000482
19800815-083313,FIN,1980,3,1980-07-01,1980-08-15,8914683799.96,5647371233.11,6.09,5.28,0.63,497908281.87,312519817420.22,8098219036.88,926779331,1069743,1290000000369
19800815-090014,FIN,1980,3,1980-07-01,1980-08-15,6916185739.38,884123220.17,1.16,1.06,0.13,652257501.56,476082457568.73,7666183020.78,761526915,830971,0640000000328
19800815-105034,FIN,1980,3,1980-07-01,1980-08-15,2368404295.90,13862385.45,0.17,0.14,0.01,133173443.84,158162290806.10,6136236092.50,80774480,96347,1960000000048
19800815-145742,FIN,1980,3,1980-07-01,1980-08-15,2214850426.25,71681445.33,0.11,0.10,0.03,772906154.40,849065375496.73,8164253579.23,632839886,713039,536BRtMqXSsBDukvVHTiOgEMWtHXrYWlFJqYAkUUXXEpmmWVYnGCknscAOAs
19800815-203849,FIN,1980,3,1980-07-01,1980-08-15,9556666953.88,2769243226.06,3.65,3.17,0.29,141869125.75,435395447216.66,1600730285.55,758110483,873934,4820000000586
19800816-004945,FIN,1980,3,1980-07-01,1980-08-16,1651433867.45,265280613.29,3.05,2.87,0.16,451531757.75,482580733552.93,1965418768.70,87036292,92330,496OQrOAucqBZdHWTvrsGTQqDUAJesbyHxtJHEzCHKBOOQPPk
19800816-075236,FIN,1980,3,1980-07-01,1980-08-16,5523331359.45,3777807207.03,3.80,3.18,0.68,202108080.00,572825798263.59,2606337748.83,993441095,1188020,7630000000404
19800816-123217,FIN,1980,3,1980-07-01,1980-08-16,849833130.99,296221419.47,0.38,0.34,0.35,864326135.10,536407902195.94,7427070570.53,777209176,864510,816estGmMJWXVNYIvVp
19800816-152754,FIN,1980,3,1980-07-01,1980-08-16,1204760042.01,65658736.40,0.99,0.83,0.05,643458602.61,523886412479.34,4857414559.03,66495161,78805,8210000000379
19800816-161322,FIN,1980,3,1980-07-01,1980-08-16,396431031.60,136938538.88,0.18,0.18,0.35,659356455.44,546556986145.23,3509943171.77,743134457,772334,875cPOOydoHzXLJKVJoZqQOPxiAbZSEOCBSZFKLwPxTGzZgA
19800816-225933,FIN,1980,3,1980-07-01,1980-08-16,2463207.19,39829.22,0.00,0.00,0.02,581078604.96,405939291958.09,8618641592.93,553286717,596035,227SLjJLcNoIZTAyGyOAtNtTFMQNEKksLfngTYwlVSjEZSFXAXKeoBI
19800817-032353,FIN,1980,3,1980-07-01,1980-08-17,6147689706.04,1321243293.71,3.40,3.25,0.21,832670761.42,780685021046.07,9738127468.73,388088489,406239,392IBCqnhGjFJlbBaLpCfWlwAwAXuFGAsRugroSvLEF
19800817-044648,FIN,1980,3,1980-07-01,1980-08-17,3661060410.64,2452842632.50,2.58,2.29,0.67,279748056.37,546320962861.42,331357776.01,949129695,1073088,0490000000597
19800817-112356,FIN,1980,3,1980-07-01,1980-08-17,6746716837.84,3626829004.90,4.46,3.99,0.54,260188866.34,350115680045.54,1729874669.22,812927288,907977,481tqlRQYAzmtTPakQfMSMZlHg
19800817-135928,FIN,1980,3,1980-07-01,1980-08-17,7321241899.38,4894026030.65,17.81,17.67,0.67,85268963.52,834276958167.01,9194068481.98,274837742,277006,566rBMPHLouqFXXMgNIhGTqVDHGAsCbGzEmOWSDGxBXmbKbrEI
19800817-195812,FIN,1980,3,1980-07-01,1980-08-17,9112036111.91,224087755.96,0.25,0.25,0.02,906855354.51,48602503773.72,7727476428.25,890302128,900362,118ovbmrWEHREOIPHcgqaDXnAWdTBjHcrQyeLXMxpMmjfKmBMJtQGeE
19800818-022058,FIN,1980,3,1980-07-01,1980-08-18,4530095026.75,2514325548.24,10.50,9.14,0.56,138640221.10,515068267792.34,8054016262.24,239446022,275026,508wcICyPtmTTmTATMNbCBlPSLYz
19800818-091705,FIN,1980,3,1980-07-01,1980-08-18,182001255.31,80477765.79,0.27,0.24,0.44,571687429.59,932906028386.89,1562193579.42,298599098,331344,5660000000173
19800818-121413,FIN,1980,3,1980-07-01,1980-08-18,3553920656.40,1707571733.72,11.77,11.50,0.48,294022543.39,609015328563.54,7485274465.08,145086791,148422,240fKTWdFNbJFpYzsgNOKBALRptDJzAgeGSPxIBaUpK
19800818-160600,FIN,1980,3,1980-07-01,1980-08-18,1079039605.02,196617822.44,0.21,0.20,0.18,241364755.96,29674202352.84,3722767482.92,931104831,983257,705QMWrkvNZEIiHOTEXLd
19800818-182605,FIN,1980,3,1980-07-01,1980-08-18,8605395482.88,1401153569.61,4.33,4.06,0.16,594411506.89,625834219914.30,9174855538.55,323267214,344938,028xbVeKWmFwIRwSgzjbG
19800819-013332,FIN,1980,3,1980-07-01,1980-08-19,1048048223.81,500273822.29,0.66,0.59,0.48,154877233.07,881973492650.67,3830594961.43,755779932,848947,275PnXvOcdgWFenJEXQ
19800819-034920,FIN,1980,3,1980-07-01,1980-08-19,5340154550.99,783431396.07,1.56,1.53,0.15,48571794.83,609749435827.46,4134018432.95,502853725,511239,272MCKWfTgBkHAGEnwNzPclVQLVHNRtUHKaAAdMFDgHFyJeIQwLxjHStXd
19800819-090215,FIN,1980,3,1980-07-01,1980-08-19,3537543790.80,1463819348.91,2.50,2.17,0.41,475477540.10,818484086730.44,5814026390.07,585730856,674579,488RMTnrMvVJASTKHRLEbVigGiqmMcuEfgORmhMFOQrbUUDPpoBC
19800819-143342,FIN,1980,3,1980-07-01,1980-08-19,8083329875.05,5792092.39,0.03,0.02,0.00,74916592.67,628061133568.67,1636402426.85,207143607,244121,1940000000572
19800819-144851,FIN,1980,3,1980-07-01,1980-08-19,7127207470.80,4204594698.10,6.05,5.40,0.59,871584541.27,680403866034.30,5871746914.95,694786579,778963,715QZoKTiXLKvPjulUWXMCUtVfATzbC
19800819-184750,FIN,1980,3,1980-07-01,1980-08-19,3309544759.50,2227613444.24,16.13,14.29,0.67,659578243.57,414164852641.02,5209036417.22,138134271,155876,7060000000315
19800819-212113,FIN,1980,3,1980-07-01,1980-08-19,5850467228.48,3890522838.65,5.99,5.24,0.66,536115410.22,805823797844.88,6419236621.32,649758485,741962,0080000000089
19800819-234602,FIN,1980,3,1980-07-01,1980-08-19,2052624214.27,671954823.70,1.14,1.12,0.33,973253139.40,160984198125.81,5052916033.53,589053596,602278,846bbTXSGzupOmcxHxGCPvWDSNXfPIzpNABIVGgxsfRNdAgtyESEBGNOU
19800820-063707,FIN,1980,3,1980-07-01,1980-08-20,7829191468.10,1290386859.01,5.48,4.85,0.16,837416336.79,967146146785.91,9857759809.64,235667396,265917,5530000000092
19800820-114940,FIN,1980,3,1980-07-01,1980-08-20,52184303.42,25010853.94,0.04,0.03,0.48,461909743.57,827680562346.14,4424488554.21,682915378,807434,765QTlJJPTwTIKGjWucWLFdQIFqUFDViLqZHmopzBSaxPctxonmQDYpdPzwR
19800820-190259,FIN,1980,3,1980-07-01,1980-08-20,3460051292.49,263600918.61,2.58,2.29,0.08,238576661.37,558864452728.37,4738159088.42,102227036,115233,595EvWcyEWmFDdCdNatKREMDcLiuIegnQSdNXZRuHWrJslzqwbRuVVWJTEDR
19800820-205743,FIN,1980,3,1980-07-01,1980-08-20,4658666494.20,2565872581.22,2.78,2.42,0.55,955200956.94,661728043502.59,8838863530.00,921444150,1059264,925CrHZqaLKlUACIOCnANOtBcGMhwNEnHp
19800821-022451,FIN,1980,3,1980-07-01,1980-08-21,9922754163.34,6379645507.54,32.18,30.33,0.64,227272835.74,409377928139.33,4491772529.54,198247123,210347,5330000000118
19800821-032526,FIN,1980,3,1980-07-01,1980-08-21,5918977440.90,3929757524.51,4.15,3.90,0.66,724719918.08,11745586002.98,3731112056.18,946124439,1007632,767rPWbxnnUObMNJMOJlQGmL
19800821-062950,FIN,1980,3,1980-07-01,1980-08-21,3767514971.95,31858302.91,0.04,0.04,0.01,414697889.51,849174348831.07,6259343326.40,868142947,882050,4690000000539
19800821-071724,FIN,1980,3,1980-07-01,1980-08-21,8223762759.17,4472630364.85,33.17,32.55,0.54,440093988.55,110411227430.95,6414181330.16,134853743,137401,0740000000306
19800821-121247,FIN,1980,3,1980-07-01,1980-08-21,4368200387.35,1348555043.71,6.82,5.84,0.31,617510269.09,929072268033.49,7461042349.89,197599695,230814,593dzNGUQFyKLrYNLtNAEWtLvcWLaDDBEmGgWBrkFXHjqyXMvcUisLY
19800821-150034,FIN,1980,3,1980-07-01,1980-08-21,1327679233.43,765409689.96,1.05,0.99,0.58,477470099.78,417310672534.25,4232794294.02,730982409,776405,423CKqQGzXcNXMPWzzEAqHxSpCdCwJEirgSInSJOMkfzMBleWwhgbxmoVEVY
19800821-165206,FIN,1980,3,1980-07-01,1980-08-21,5410549576.41,2458300109.74,37.05,33.66,0.45,878168253.47,639455755656.04,9447203431.47,66352485,73042,3600000000353
19800821-195138,FIN,1980,3,1980-07-01,1980-08-21,4186369099.28,1060571753.22,2.44,2.22,0.25,166610652.23,549383342390.28,2424717882.97,434302447,476972,0900000000250
19800822-000549,FIN,1980,3,1980-07-01,1980-08-22,421273724.43,282074061.36,0.91,0.77,0.67,273313641.84,734463447177.42,5195286189.99,309142947,368346,938EdVOoIABMVWJCytMilQTUSsAP
19800822-023702,FIN,1980,3,1980-07-01,1980-08-22,9827089379.53,2549140256.22,8.47,7.73,0.26,612590263.75,49434738669.82,688333958.69,301133760,329615,5360000000281
19800822-080332,FIN,1980,3,1980-07-01,1980-08-22,1257489995.47,157212200.06,4.37,3.89,0.13,267800709.28,159539946046.98,21840864.20,35963130,40428,9200000000470
19800822-131153,FIN,1980,3,1980-07-01,1980-08-22,3598383874.53,1555176670.09,2.50,2.15,0.43,182575515.72,650756872506.05,1259870462.52,623308999,722139,371xtCKWBjqUKBQIRxNAFhHNGkothLlKEOJLIDZHCCNWPKwSBnHHcnYM
19800822-164445,FIN,1980,3,1980-07-01,1980-08-22,1264383568.31,397873039.27,0.64,0.60,0.31,677419655.75,393676679826.69,3292152507.90,623104000,664400,2050000000278
19800822-173621,FIN,1980,3,1980-07-01,1980-08-22,9155787940.22,2869750857.76,4.33,4.24,0.31,684050521.89,506694879879.00,5205309003.01,663258356,676513,720OFnTuxOMWDUHOSyWOVCiEosNDI
19800822-184455,FIN,1980,3,1980-07-01,1980-08-22,2317940095.80,1150756061.29,6.72,6.57,0.50,212223737.46,619774297877.65,1976231786.30,171354586,175245,920ZvIOBtNMqfPNYLGCPfIOxqbzAgfmAaOFQQuKSBJWYWiHJziWNGQXMObQ
19800822-202905,FIN,1980,3,1980-07-01,1980-08-22,3416187099.09,2353372189.16,3.13,2.69,0.69,825405967.36,351225518909.34,8720890403.00,751655480,875057,725QrDjsjjfXYcImGGENLZci
19800823-012531,FIN,1980,3,1980-07-01,1980-08-23,2996666693.20,1229583902.31,12.69,12.37,0.41,981689185.47,65803887260.64,4911373889.56,96925577,99389,435vrgJXrrDqYMHGmKLJuguAOGzQyGAZjXZEgWvPnFNSMEEcERsNHAVTXi
19800823-045136,FIN,1980,3,1980-07-01,1980-08-23,5138575702.79,3001876115.46,11.42,10.41,0.58,499939479.32,517423907514.88,3177132585.77,262778649,288430,5450000000292
19800823-063516,FIN,1980,3,1980-07-01,1980-08-23,326649737.03,54738656.49,0.08,0.07,0.17,807138218.44,317453850343.65,1572628713.91,696852746,805034,0300000000380
19800823-131144,FIN,1980,3,1980-07-01,1980-08-23,8878805374.41,2407315745.68,10.37,9.13,0.27,482958903.05,737938882245.08,8442356643.76,232195998,263575,3540000000376
19800823-173018,FIN,1980,3,1980-07-01,1980-08-23,5745570313.77,663049397.94,1.12,0.93,0.12,700803691.24,199281256101.68,4494549038.31,592761618,709503,6820000000288
19800823-174307,FIN,1980,3,1980-07-01,1980-08-23,9015180533.92,5401828345.10,11.63,10.77,0.60,485682619.14,770717575137.48,6149038689.62,464345028,501794,233CRdJpWDQreFROHBFJMWTljcjrFTJfFFYspoqiNhLKuVAcQDTaY
19800823-204429,FIN,1980,3,1980-07-01,1980-08-23,9711649395.39,1088018108.30,27.17,25.04,0.11,762062857.97,879723053222.51,3949526205.36,40040609,43453,543KwEuePbqXSKWLGKXUZjUklpgUQeBiAT
19800824-022859,FIN,1980,3,1980-07-01,1980-08-24,9128049263.63,5254671297.38,5.99,5.88,0.58,881964363.67,638670763667.96,8488895212.56,877807467,893294,651hJTjBraMaWddGWF
19800824-053959,FIN,1980,3,1980-07-01,1980-08-24,9439474546.62,1824956097.46,1.92,1.84,0.19,430299460.15,275153904136.66,2585519237.34,949609595,989325,3990000000007
19800824-124639,FIN,1980,3,1980-07-01,1980-08-24,1457632247.15,772611439.39,22.38,21.93,0.53,970168772.42,359706372065.40,9446998744.63,34528059,35227,883BXPfIDaKkXifOCiArgznmtBSGaItNgjMopEtffERsLlQTKSKLb
19800824-152240,FIN,1980,3,1980-07-01,1980-08-24,4861436847.27,3003510579.32,12.03,11.95,0.62,59947188.51,791588647842.40,2744388034.48,249746785,251297,9410000000573
19800824-160544,FIN,1980,3,1980-07-01,1980-08-24,2475993697.46,1529164827.43,1.71,1.50,0.62,232799913.53,772500242429.43,7992842523.99,894223911,1020963,729AvCbuYoNHzndoNzQcpmWOtTFhPTPHG
19800824-222952,FIN,1980,3,1980-07-01,1980-08-24,5180831743.34,1839796026.86,10.68,9.70,0.36,124880185.48,343792824536.89,1075148838.95,172192560,189626,324HZexZLWkLQrVKlABNLmRFIEvUiOG
19800825-003239,FIN,1980,3,1980-07-01,1980-08-25,3422221450.41,2311798126.62,10.37,10.35,0.68,32289228.87,547597441072.02,9296100768.21,222928208,223390,193gGWmrXJoqkjXNgwDRfiWhPTGZW
19800825-013204,FIN,1980,3,1980-07-01,1980-08-25,1315448629.50,844154230.08,12.52,12.02,0.64,258275924.51,94073517531.54,7439361955.63,67415125,70231,8940000000463
19800825-033001,FIN,1980,3,1980-07-01,1980-08-25,9701780791.82,3656575254.68,8.43,7.64,0.38,736220273.86,816718257209.27,5671641448.63,433613087,478903,8700000000188
19800825-043424,FIN,1980,3,1980-07-01,1980-08-25,3003999318.42,1250066844.24,1.29,1.20,0.42,737650904.69,981095250281.71,1219191303.63,967504641,1038635,4460000000163
19800825-083414,FIN,1980,3,1980-07-01,1980-08-25,1370089816.14,929066637.40,3.82,3.76,0.68,683140362.89,356301037831.94,4805377380.22,243066485,247294,7580000000065
19800825-134843,FIN,1980,3,1980-07-01,1980-08-25,2913184447.92,813084119.50,2.28,1.91,0.28,488619560.28,952051091318.38,3989765290.74,356977082,425629,4810000000425
19800825-134848,FIN,1980,3,1980-07-01,1980-08-25,8054333979.33,2936401004.85,3.66,3.51,0.36,761518458.91,165860984865.40,2559051636.03,802810135,835555,288SSuLAhbIVxbnTNgMGIiMSwJsINKsCFVtGiExyJ
19800825-151520,FIN,1980,3,1980-07-01,1980-08-25,4262652780.59,2527400715.10,12.10,11.43,0.59,426404603.45,976239580468.35,6182400563.39,208942010,221136,836sEdXWlAyBGoFClpXvyNNafsKbfeEnSrT
19800825-222818,FIN,1980,3,1980-07-01,1980-08-25,9281753230.98,3982649479.41,4.76,4.14,0.43,711350268.24,950304618937.98,6319420262.69,836917982,961604,9480000000531
19800826-050445,FIN,1980,3,1980-07-01,1980-08-26,1534468055.81,1061415727.98,1.13,1.09,0.69,578248813.56,223944196194.34,395650823.82,942136935,974834,3120000000430
19800826-062133,FIN,1980,3,1980-07-01,1980-08-26,7348604793.32,481856869.73,0.58,0.57,0.07,702684566.06,534931465793.13,302195898.94,831238460,840297,3200000000387
19800826-120303,FIN,1980,3,1980-07-01,1980-08-26,4693831030.61,822100774.91,0.93,0.81,0.18,675954950.02,21207072565.42,1505000414.03,888643978,1020354,8550000000239
19800826-121403,FIN,1980,3,1980-07-01,1980-08-26,2992872176.77,1179983599.16,2364.78,2054.73,0.39,730344506.01,296729569707.68,3522199072.62,498982,574,278zSzyZVwpMSypTaf
19800826-165907,FIN,1980,3,1980-07-01,1980-08-26,7722506254.57,607066680.16,0.66,0.57,0.08,731208882.97,327928797017.64,1473101039.88,917697452,1059101,1390000000490
19800826-214651,FIN,1980,3,1980-07-01,1980-08-26,6652894482.33,4594251528.35,5.22,4.93,0.69,40125761.09,219229129864.69,7772696741.51,879775129,932254,084PhLUuRCKdkCUTGXCWs
19800827-032114,FIN,1980,3,1980-07-01,1980-08-27,1051946857.27,403058826.54,0.43,0.39,0.38,715330491.26,709409322906.99,5376205568.75,929157636,1041271,544YDzyCOHJGkhQNSwhuJRJavSGHNhPauIPFYuNGOdxJOO
19800827-060130,FIN,1980,3,1980-07-01,1980-08-27,6077139164.91,1090376011.50,1.54,1.48,0.18,24042762.75,236204848656.04,4922271321.09,710143459,736200,6360000000286
19800827-090140,FIN,1980,3,1980-07-01,1980-08-27,2659176294.12,831962584.13,1.78,1.72,0.31,964762877.07,386079130056.18,6007215174.43,468048512,482740,577lTLwfiXDPnUuSnGQOAVXGRUBQWxrWlWno
19800827-115349,FIN,1980,3,1980-07-01,1980-08-27,8442637478.97,5506473368.91,7.68,7.55,0.65,961436102.79,634429972642.17,1256108400.23,717440513,729798,4600000000158
19800827-182022,FIN,1980,3,1980-07-01,1980-08-27,4606345079.97,1122717670.85,4.10,3.67,0.24,115388626.94,312636375172.00,8975375111.14,273626607,306211,792GzDXOWXDABSzNrogrDpc
19800827-224258,FIN,1980,3,1980-07-01,1980-08-27,6264607755.29,4068601848.92,19.60,17.22,0.65,847761122.52,386918555267.38,7986460849.60,207584033,236327,7730000000555
19800828-030328,FIN,1980,3,1980-07-01,1980-08-28,2024847662.69,102759511.82,0.11,0.11,0.05,816503403.26,984043003990.73,9246143160.80,930462353,951925,6100000000073
19800828-054452,FIN,1980,3,1980-07-01,1980-08-28,2955793376.46,159627865.03,0.17,0.15,0.05,975774936.71,508086872213.42,2831812144.16,920544048,1054846,3660000000313
19800828-121112,FIN,1980,3,1980-07-01,1980-08-28,5552662244.81,3321375322.21,5.26,5.15,0.60,251288637.95,416504260146.43,5953642261.50,631894066,644360,500wHclseASGWcjSyGPtCmObzVvEoiWl
19800828-183032,FIN,1980,3,1980-07-01,1980-08-28,1681878510.94,101548234.62,0.11,0.09,0.06,434919364.35,264482566811.40,2185828303.90,941754618,1124826,909fuCYPKNsUAgGlPAHtScLLXH
19800828-191828,FIN,1980,3,1980-07-01,1980-08-28,1892690662.31,816257035.97,6.59,5.98,0.43,922148024.15,552988556513.38,8699005214.39,123861468,136491,7030000000358
19800828-215826,FIN,1980,3,1980-07-01,1980-08-28,1383077793.89,343203454.14,0.94,0.87,0.25,855305491.28,50101191529.43,3462490848.84,363887000,396150,367sqfpzvcTSDkTDRCPSWYJeVZtTRcjNsMaE
19800829-044016,FIN,1980,3,1980-07-01,1980-08-29,7348558871.94,951604135.26,1.10,1.02,0.13,932148926.73,751762379982.21,9833394234.19,863317799,928623,8770000000021
19800829-110826,FIN,1980,3,1980-07-01,1980-08-29,5351945909.26,2632432790.72,6.55,6.15,0.49,458440336.06,380598092300.89,2551134010.45,401827074,427907,3490000000554
19800829-132204,FIN,1980,3,1980-07-01,1980-08-29,2535399318.37,113694651.10,0.16,0.13,0.04,757473241.77,365364968565.33,9892551280.67,717643818,846069,601wGdVXrkktIjHLmLGSuJmmZ
19800829-190653,FIN,1980,3,1980-07-01,1980-08-29,762356285.54,39878684.35,0.07,0.07,0.05,862249827.75,72620022139.11,336268343.71,562658607,566456,1740000000331
19800829-211341,FIN,1980,3,1980-07-01,1980-08-29,1459946727.61,489115401.58,1.41,1.35,0.34,6899279.85,65569390950.32,9699341155.17,347649695,362216,432YGODXTYUYQHKSUzVdmTrHaaZEgiuZLXAwzvjFZMnWXdUSECjfiOJYU
19800829-215200,FIN,1980,3,1980-07-01,1980-08-29,5502671266.57,3162230143.45,5.96,5.02,0.57,2977664.66,163395097379.11,4885441595.21,530258185,630537,2180000000483
19800830-005238,FIN,1980,3,1980-07-01,1980-08-30,4117887089.94,1440575338.30,1.92,1.83,0.35,830211978.65,433856264959.33,7935185993.01,750617736,785263,8740000000141
19800830-051405,FIN,1980,3,1980-07-01,1980-08-30,5682525676.06,423105671.24,0.74,0.64,0.07,854816189.64,651622061155.14,5828386593.68,571653496,657859,396zsCnvFqgsKPBGVOtJNVEq
19800830-052650,FIN,1980,3,1980-07-01,1980-08-30,7834489144.48,4556985313.48,24.07,20.07,0.58,577776854.06,402274373473.65,5656511745.77,189309289,227082,4830000000389
19800830-121032,FIN,1980,3,1980-07-01,1980-08-30,513327734.49,235843085.96,0.28,0.27,0.46,247110606.73,203025051913.70,7402247127.30,837621862,869746,402RIDyZPIdxaUavwdfOBkEFmpCkPUDSFDXNQoLHDTPffK
19800830-144804,FIN,1980,3,1980-07-01,1980-08-30,2889904587.34,673822952.99,0.97,0.83,0.23,659757736.85,88424755548.11,2418925977.46,695624244,808377,778JkHAYKpcXhBSPTGEeQGIeKFmSVKlbxRz
19800830-185352,FIN,1980,3,1980-07-01,1980-08-30,9957584223.37,1815680177.90,2.60,2.59,0.18,608512123.73,722383207774.23,7509182135.43,698009666,701564,0640000000550
19800831-002511,FIN,1980,3,1980-07-01,1980-08-31,2180723767.86,381077463.81,0.49,0.47,0.17,762662240.66,443784104402.27,6045314979.03,779046299,817156,032olGIXXQFLdIHXDEuMLdDVNJbXfMiSChBOXXHPRgqQfvPMFOMefo
19800831-034345,FIN,1980,3,1980-07-01,1980-08-31,1259832579.32,695053648.53,6.45,5.63,0.55,416869845.24,806373842919.02,500482250.47,107698056,123472,9800000000385
19800831-085917,FIN,1980,3,1980-07-01,1980-08-31,7274200221.91,3025277984.46,8.32,7.47,0.42,477977549.74,697060198956.99,9164764091.56,363673539,405019,5830000000316
19800831-093323,FIN,1980,3,1980-07-01,1980-08-31,9658532439.04,2115470619.29,2.30,2.14,0.22,190293753.65,949674787158.74,5612345497.74,919511753,987347,5420000000272
19800831-152001,FIN,1980,3,1980-07-01,1980-08-31,7722663992.14,4339061043.78,8.06,7.92,0.56,375902323.67,523819273639.33,5469199729.71,538473671,547973,120JSKnyzjayIuyPFBDYKGYmQJJJALMQVJRXBsXrxUvvRsgSBaOEnDcQEgzH
19800831-220017,FIN,1980,3,1980-07-01,1980-08-31,844917583.44,123093639.43,0.25,0.24,0.15,196969611.86,704097770171.29,8035602067.76,487873844,517459,6020000000600
19800901-021320,FIN,1980,3,1980-07-01,1980-09-01,4414774076.77,2124172970.65,7.36,7.05,0.48,594285327.10,500138013283.27,8330545680.37,288768770,301379,119swJDLnAUXHrZIDKWLKoicYI
19800901-035621,FIN,1980,3,1980-07-01,1980-09-01,6720980374.93,1064097915.69,2.78,2.65,0.16,670557209.09,198825466751.92,9292753245.42,383172922,401997,7070000000110
19800901-080042,FIN,1980,3,1980-07-01,1980-09-01,4702490478.75,1484638586.37,1.54,1.35,0.32,373370019.50,706008758642.46,3956588267.35,964341628,1102773,457BvhtIYLKwSFVFgnsTkUZnIpBxtfPFEEeEcMLBFYLtOxBVxdDDIhwS
19800901-131227,FIN,1980,3,1980-07-01,1980-09-01,6872457328.96,2800347127.06,31.84,27.98,0.41,757721338.27,897686762424.92,337254868.93,87949034,100090,7920000000238
19800901-151000,FIN,1980,3,1980-07-01,1980-09-01,9787277120.85,4797592178.69,8.68,8.45,0.49,114735316.45,883053261273.63,8454651981.90,552554398,567953,843HCyVIHyFodPADbGORMCBjByxRTESfBNDTPBZrsTBUACleKEVFjHkSOorM
19800901-201801,FIN,1980,3,1980-07-01,1980-09-01,8540550156.01,3951137739.55,13.99,12.30,0.46,202781325.47,847403953549.91,3210636897.61,282460437,321285,1270000000222
19800902-030414,FIN,1980,3,1980-07-01,1980-09-02,4534886455.68,2057446654.73,3.22,2.73,0.45,253778341.78,225512597053.99,6867963724.62,639941653,752833,351XRHEsIMnqEiPOnfAJBLTVbfGKETfCFVYROPP
19800902-061411,FIN,1980,3,1980-07-01,1980-09-02,6223303641.02,2083704118.77,2.23,2.16,0.33,394891222.09,569778499240.56,4389176210.49,934633866,964236,1890000000125
19800902-124547,FIN,1980,3,1980-07-01,1980-09-02,5804055632.88,3285470100.46,7.94,7.27,0.57,512287516.04,59634364246.74,9830178700.70,413993394,452221,737gwCwDuolcXHJuJhdNyNITQjfWE
19800902-154755,FIN,1980,3,1980-07-01,1980-09-02,5170460105.06,3543146817.43,4.64,3.93,0.69,289452642.76,351786728472.93,39599022.12,764132899,901880,825DjWdJNPhtNbszFdIKfZVcruKIddoPRF
19800902-202435,FIN,1980,3,1980-07-01,1980-09-02,1406244358.41,80947784.07,0.25,0.24,0.06,230411674.11,841867366749.82,1693562084.89,321470980,340762,6630000000515
19800903-005546,FIN,1980,3,1980-07-01,1980-09-03,3408892957.17,2184646266.34,4.69,3.96,0.64,110747818.93,416361463837.74,8658010459.18,465756173,551613,475IYXYDYXzMPNoklZTdipMzRqgCNIOKJHazWaAqvQYkNmrDITClMRGjaTm
19800903-070924,FIN,1980,3,1980-07-01,1980-09-03,3513715401.04,1364133448.71,1.49,1.25,0.39,332962339.69,646225743388.75,8464094623.78,917543722,1088101,3680000000478
19800903-083157,FIN,1980,3,1980-07-01,1980-09-03,4679664691.54,3108350808.41,4.22,4.18,0.66,591564144.42,419318532303.00,3696544349.33,736695314,743150,7010000000567
19800903-153809,FIN,1980,3,1980-07-01,1980-09-03,1522580094.85,395498832.77,0.47,0.41,0.26,848898709.84,240378713374.94,2309391978.09,835427963,962664,1720000000034
19800903-184342,FIN,1980,3,1980-07-01,1980-09-03,6566107509.19,1250512049.79,5.03,4.19,0.19,886663571.50,61044412615.69,765286498.04,248857310,298622,5570000000147
19800903-224833,FIN,1980,3,1980-07-01,1980-09-03,9239258106.15,4367422103.97,23.75,20.32,0.47,581575571.75,540023037588.05,9855620600.08,183893093,214919,266HlQPdCFlfEZpMPIC
19800904-034857,FIN,1980,3,1980-07-01,1980-09-04,9943938936.65,3414405969.37,6.53,5.49,0.34,900697208.00,650184081989.69,4167942158.08,522788899,622270,5730000000491
19800904-044932,FIN,1980,3,1980-07-01,1980-09-04,9238917630.76,4966583824.98,39.76,37.77,0.54,102674610.60,962751465821.72,8011890649.08,124907182,131498,6720000000298
19800904-092559,FIN,1980,3,1980-07-01,1980-09-04,6712047516.81,4424527882.78,8.92,8.62,0.66,283487532.86,873038716348.84,3773012601.62,496027849,513117,210bsdekQUMqXLHtbqxHEGSQHWVQU
19800904-155716,FIN,1980,3,1980-07-01,1980-09-04,5889627223.72,1387054798.64,3.94,3.62,0.24,943605562.16,941412375581.92,3482268540.34,351660293,383216,041bLDfMCiYJfdEseRPOSrNilaE
19800904-225056,FIN,1980,3,1980-07-01,1980-09-04,1327114071.45,16074299.70,0.04,0.04,0.01,464451020.03,786675931535.62,5185595213.42,357365032,396608,624OhGyMTcWMJdQpJQZIiaxBfCuXgKBUhaQsuoACPYaXpbjkXNDZMmSDD
19800905-000257,FIN,1980,3,1980-07-01,1980-09-05,164665912.75,75200146.68,0.11,0.10,0.46,38141396.01,593957905724.44,4321207790.57,714989151,734300,699xNZnDTSoUVPNSoYdgBUPLqzOHFZzrIJQNLRxXgjb
19800905-042041,FIN,1980,3,1980-07-01,1980-09-05,283562784.95,138996229.85,1.98,1.87,0.49,284347288.56,330600298281.31,3432411012.29,70280889,74420,4080000000317
19800905-043453,FIN,1980,3,1980-07-01,1980-09-05,9842699492.18,3366895655.44,64.55,55.23,0.34,578475350.49,105944698746.55,5012400431.29,52158527,60962,0320000000526
19800905-112332,FIN,1980,3,1980-07-01,1980-09-05,5304234160.25,1103395031.65,18.13,16.26,0.21,533811269.37,744557035213.85,3129881699.60,60873746,67865,6530000000107
19800905-142535,FIN,1980,3,1980-07-01,1980-09-05,1562853300.78,829359462.06,1.20,1.07,0.53,543698266.39,303143931130.34,9736963577.83,691411338,771851,1700000000248
19800905-203127,FIN,1980,3,1980-07-01,1980-09-05,4441388390.87,1081229237.81,1.56,1.36,0.24,997851973.45,503549234452.73,3667728995.32,691649895,794608,197zZCyFkqieiPsUGvBJwvhXNW
19800905-220725,FIN,1980,3,1980-07-01,1980-09-05,9089863468.90,1839449365.69,2.50,2.24,0.20,992408864.66,800937498146.55,1322805659.75,734503814,821657,336tWwKapCDGKDqBvwDJQvKfXxUMzFDUXQBf
19800905-232107,FIN,1980,3,1980-07-01,1980-09-05,2617563297.48,685943295.05,0.92,0.80,0.26,814305915.38,672939730757.49,1502595285.24,748462510,852434,230OqAIeBICyTDaCjYBokKBWwGIbTbHykBtzpJVuZzfWHKRHbYByNSoGLc
19800906-015927,FIN,1980,3,1980-07-01,1980-09-06,1248549507.41,135235115.76,5.66,5.32,0.11,97911381.65,481942484979.59,4836291798.88,23899799,25406,382imdafqhUOHJJweSjJLCsJtrIwQTHOvwNcouZrYzKuEbA
19800906-022215,FIN,1980,3,1980-07-01,1980-09-06,4601355711.07,894765709.38,1.16,1.15,0.19,895392353.60,529580852604.34,2626993545.23,773490416,778954,122oULVoIOEgwfFVyLQZ
19800906-074602,FIN,1980,3,1980-07-01,1980-09-06,5776207143.38,2873647616.69,30.00,26.35,0.50,238839055.24,423837379071.78,6446910378.95,95780408,109056,785RIoafLXyzvuVdAypgRHDbVyCNFqJLTgbS
19800906-120633,FIN,1980,3,1980-07-01,1980-09-06,1807130627.04,727481055.49,87.05,82.26,0.40,917056169.01,277978455582.92,7295167665.54,8357197,8843,911zIHLKvPBQrCTBYzpZzUJZwMrKqTpUZPyXUykkId
19800906-141638,FIN,1980,3,1980-07-01,1980-09-06,1667034537.44,1159217798.09,1.43,1.20,0.70,867189668.75,346824143498.98,3359814593.82,807836695,963692,000WCJJAitQbHnCKfmKEVEELEBjYtHsVGTBpOMMCLXEadMPRGRTA
19800906-150852,FIN,1980,3,1980-07-01,1980-09-06,8193972353.25,835048677.83,1.86,1.70,0.10,236408109.09,995708435802.58,6467046962.68,448358309,492023,572pEGIPCsKwtTHCezUJixADHRHcVKNIYrTyyOPIF
19800906-200253,FIN,1980,3,1980-07-01,1980-09-06,131227375.03,62847218.04,0.10,0.09,0.48,418726445.91,143444740034.73,9306050672.47,655714983,705328,7650000000121
19800907-014852,FIN,1980,3,1980-07-01,1980-09-07,9352607400.01,4882430635.91,22.40,20.93,0.52,100371016.80,854799992344.89,4940271889.34,217999853,233234,5020000000076
19800907-091722,FIN,1980,3,1980-07-01,1980-09-07,7247221782.04,2358550954.00,7.13,6.21,0.33,174205230.36,26849372077.31,2993065616.31,330995072,380089,250tDPWLFEtBmpAwavVQikXwNpRaJ
19800907-144133,FIN,1980,3,1980-07-01,1980-09-07,4024926357.33,1236069707.91,1.25,1.13,0.31,214314153.55,869099586838.57,5397985271.91,992700567,1092304,4800000000534
19800907-144617,FIN,1980,3,1980-07-01,1980-09-07,9603425289.32,264644977.41,0.28,0.26,0.03,434766147.67,495900652964.88,8295910325.02,960648389,1013002,159CVRXvUkWOxdMcWRMhABiVpiKwSnFEzHzbbeQ
19800907-150620,FIN,1980,3,1980-07-01,1980-09-07,6859477368.37,4028632472.43,64.20,53.98,0.59,22405496.25,818173408654.63,4663231353.55,62755275,74629,841pCpCzKjHcYqVffAhFtKrpRMJCHZR
19800907-171144,FIN,1980,3,1980-07-01,1980-09-07,5616334006.63,1154185307.61,1.77,1.52,0.21,426044858.02,423204836917.93,7248731785.78,653318974,758557,1430000000013
19800907-183646,FIN,1980,3,1980-07-01,1980-09-07,646366013.82,132717201.47,18.30,17.54,0.21,281606286.47,391781097619.90,3445132507.71,7253250,7564,758gSPTnEYnBdFkIWPfTapBoPBM
19800908-015621,FIN,1980,3,1980-07-01,1980-09-08,8910868445.80,122472270.25,15.93,15.21,0.01,129254070.30,144092804907.82,2994092033.38,7689762,8051,2600000000098
19800908-033610,FIN,1980,3,1980-07-01,1980-09-08,4534477884.93,1928020063.98,4.77,4.18,0.43,265935486.03,723108920527.92,7030646568.28,404579407,461780,957EVDrXsEiEnLdzKgVPyHxGfRHFwSXDLmBVPRuIGzcczcxVVXFnGDnNgo
19800908-090749,FIN,1980,3,1980-07-01,1980-09-08,4321619510.78,468908999.08,2.85,2.39,0.11,460216752.25,282051922586.13,9247631180.47,164341590,196531,285JekMlkQWaDlWMQUSXfKeRoOFYKQuQKyahHQxoQnLorbZLrmOBjsC
19800908-130616,FIN,1980,3,1980-07-01,1980-09-08,138766717.96,51289156.33,0.14,0.12,0.37,453912342.38,240074564771.52,5567775310.99,372853158,419131,843VXpGhfFbmgISLSMZVQlpBtNxkRhiLKvoTFIEKvFgIOL
19800908-160540,FIN,1980,3,1980-07-01,1980-09-08,995673728.46,447074649.94,0.46,0.39,0.45,779731725.04,718907138357.78,749038388.24,970029811,1153177,505aaCRGOKapDAmHhNFT
19800908-174846,FIN,1980,3,1980-07-01,1980-09-08,1092429931.98,349220604.27,0.41,0.34,0.32,934259650.42,17260563077.07,8244594331.92,857435079,1023499,3910000000381
19800908-232011,FIN,1980,3,1980-07-01,1980-09-08,7235202138.79,4174737030.27,6.98,6.87,0.58,392931635.28,762364204759.02,4342063714.04,598328081,607303,241SHuHLFwNwXBOULlQFbWKYVBrKPnFoRtjcMFSgqzBsfWO
19800909-055807,FIN,1980,3,1980-07-01,1980-09-09,2631639707.36,1394708096.83,1.60,1.51,0.53,106841265.32,145630164611.05,8060481154.91,870001837,921407,1170000000400
19800909-063310,FIN,1980,3,1980-07-01,1980-09-09,1967293102.15,1069224053.70,2.74,2.42,0.54,257302038.65,826037236466.41,2240352941.21,390731816,441650,736zjoKtxCKSTNWLpRzJEjyVWiVEuzmYUTLdbyRHLSIgDUbYquZsCvOKJvFa
19800909-123321,FIN,1980,3,1980-07-01,1980-09-09,3835563023.97,2073009847.42,7.04,6.99,0.54,7164627.20,477355581161.77,9858256425.54,294256620,296481,4220000000185
19800909-171047,FIN,1980,3,1980-07-01,1980-09-09,7639055109.34,3564986056.00,10.72,10.10,0.47,927775295.13,712389532585.68,9741465758.24,332493612,352816,3560000000412
19800910-001700,FIN,1980,3,1980-07-01,1980-09-10,7329067931.99,1526927074.68,1.82,1.73,0.21,952897596.95,170153324054.98,7996626795.06,837363071,880208,643OcLffZIviQbRafJgiPtAMeWHLXxAWRlNtVRASeyhXwayf
19800910-064616,FIN,1980,3,1980-07-01,1980-09-10,6372822471.49,204265680.16,0.63,0.60,0.03,263080833.51,267169573143.92,5549915920.35,326810863,343174,0030000000016
19800910-071339,FIN,1980,3,1980-07-01,1980-09-10,1199311894.50,824218935.29,2.89,2.63,0.69,822828438.67,637126472296.29,8004116124.74,284904624,313067,9020000000336
19800910-134701,FIN,1980,3,1980-07-01,1980-09-10,7869161698.22,1507650442.51,11.50,11.26,0.19,95293114.46,752464823240.45,6346922842.98,131098152,133842,1540000000596
19800910-210950,FIN,1980,3,1980-07-01,1980-09-10,3359111988.89,735634868.05,3.16,2.92,0.22,38848707.05,315396198602.87,9175666808.71,233048932,251848,811KXURuEhUIwPPexJHYIiHTBspFanGDCqu
19800911-000732,FIN,1980,3,1980-07-01,1980-09-11,4494572082.04,1741807237.66,2.95,2.59,0.39,403628929.28,23157904087.68,5610528171.78,591004012,672709,347OEoGjLgljVZqLiYuUuNOBVQ
19800911-072200,FIN,1980,3,1980-07-01,1980-09-11,57903750.19,25025665.72,0.24,0.20,0.43,776384688.14,35608614922.89,9371825841.94,105270126,125169,469jUguWEMEWoFRvyIQVVVZypyLseGOWfcGLobTsIDScUaBKXNkf
19800911-133457,FIN,1980,3,1980-07-01,1980-09-11,3161510566.94,1387691191.60,3.75,3.62,0.44,360900650.33,166678138842.44,1954122400.21,369695038,383205,9150000000505
19800911-135520,FIN,1980,3,1980-07-01,1980-09-11,5791857656.97,1271541476.56,3.66,3.15,0.22,317901361.56,399332637267.20,7902085195.16,347554233,404167,5050000000078
19800911-211113,FIN,1980,3,1980-07-01,1980-09-11,7698622324.05,2620503083.30,6.05,5.55,0.34,53825867.29,965017496869.94,3883431559.88,433071336,472001,7290000000012
19800912-042122,FIN,1980,3,1980-07-01,1980-09-12,2531107390.58,1541317690.63,2.80,2.71,0.61,892105020.79,858259559637.47,9209253101.02,550891861,569309,206UBpRbGAcxNSHAzxhNExDJStGgANuWiIHhrmBCMdHdQePgYDyLnb
19800912-052708,FIN,1980,3,1980-07-01,1980-09-12,1800747698.47,293998560.41,1.07,1.01,0.16,674469551.73,982951671703.30,2214637228.30,275615074,291516,5620000000583
19800912-110641,FIN,1980,3,1980-07-01,1980-09-12,6848737701.28,2854895000.53,5.78,5.50,0.42,811577049.58,412100877974.42,914941865.96,493528038,518685,2170000000201
19800912-171656,FIN,1980,3,1980-07-01,1980-09-12,5730945153.09,249695878.86,0.46,0.46,0.04,50810262.10,239039862007.79,3979956048.04,542194885,545039,7530000000020
19800912-204454,FIN,1980,3,1980-07-01,1980-09-12,8795251899.40,5824935506.38,9.92,8.58,0.66,298533288.61,646390479120.14,7702559705.68,587107139,679256,248ZXHASVkNUuzWWUkDqMZEMlGDXIINzaKCXYeheDKilklKo
19800912-233759,FIN,1980,3,1980-07-01,1980-09-12,8510095405.34,1846933756.52,48.60,41.16,0.22,254491451.51,467767038242.40,7139440079.97,38000526,44877,442ILluFBdLbXRPNPnaiojyEqsGqUArncqWACvKTGoQnLdlqc
19800913-044610,FIN,1980,3,1980-07-01,1980-09-13,8500898485.08,5521311877.46,13.45,13.22,0.65,965340439.32,30369083757.77,821017020.46,410519519,417651,740yAaPIZLjnktMGDnaPHmiXRjhRSBwqIPaZVgHEETIGwboUTm
19800913-070136,FIN,1980,3,1980-07-01,1980-09-13,3375073042.91,349032420.56,0.86,0.73,0.10,545643769.77,608774181965.70,5507137581.03,406715162,479188,334tkUGfpjTMcQlrnDeCjtVJGVleVsGTecHNqF
19800913-141715,FIN,1980,3,1980-07-01,1980-09-13,3674294983.93,1304609937.10,2.46,2.29,0.36,893218982.68,754158189954.56,7601465879.88,530537100,569461,097XFIdEwZygbPJVVwGVWIfBAXvHBXIOxdvsyIikUuSMNZsQaMY
19800913-173823,FIN,1980,3,1980-07-01,1980-09-13,8443342795.57,4636340491.73,11.05,10.57,0.55,459714439.41,99522161725.47,1531129547.94,419442815,438439,4360000000237
19800913-175058,FIN,1980,3,1980-07-01,1980-09-13,3932388314.93,117851140.84,0.27,0.25,0.03,1760067.71,604006116847.45,6756153827.52,436884121,473309,990XRRaoTGVkESYUzgHljeXSSJwJXOeXA
19800913-203831,FIN,1980,3,1980-07-01,1980-09-13,7502897503.86,2641860556.50,3.35,3.31,0.35,611218666.92,105091400756.53,4408206968.60,788889982,798992,1260000000339
19800913-214749,FIN,1980,3,1980-07-01,1980-09-13,9731573851.30,2761524601.65,3.96,3.77,0.28,180542532.36,991499249183.76,2066107835.58,697212236,733295,312IVBxurMKnJbFCkiInnTeIC
19800913-234336,FIN,1980,3,1980-07-01,1980-09-13,9513272287.88,2426990708.42,3.27,3.09,0.26,612066193.80,611476353835.28,9534612434.38,741698933,784779,4640000000269
19800914-011924,FIN,1980,3,1980-07-01,1980-09-14,9834553676.94,6727918442.72,9.16,8.09,0.68,294423527.53,842285440940.40,5013365389.62,734175414,831510,3130000000370
19800914-050913,FIN,1980,3,1980-07-01,1980-09-14,8580999866.18,3255258855.83,47.12,44.06,0.38,67453462.12,709417269236.61,9204767767.43,69083761,73887,6470000000218
19800914-102824,FIN,1980,3,1980-07-01,1980-09-14,391092022.58,19661813.24,0.23,0.23,0.05,759438628.93,743717425431.72,7665412028.85,85777561,86253,6780000000468
19800914-135021,FIN,1980,3,1980-07-01,1980-09-14,64713900.51,13007916.94,0.03,0.03,0.20,3821117.33,263986626140.22,1425955867.59,485167450,518152,434yNswyMTeJisZhBAUQKoZSIKDiQjQGQezvJmxBiPyRJAQuJv
19800914-201037,FIN,1980,3,1980-07-01,1980-09-14,1786410952.78,62093051.24,0.32,0.30,0.03,838300018.06,867715628638.55,7835353885.40,196601741,205236,3140000000044
19800914-235031,FIN,1980,3,1980-07-01,1980-09-14,3319320277.40,1325553365.59,4.13,3.56,0.40,299637694.83,301981341418.30,6562671070.18,321182212,372822,938VRCqMDchijxAuePBgjywAGgqrVRBEFpiTlAyRVbIdJsaEVtlYWHXc
19800915-011754,FIN,1980,3,1980-07-01,1980-09-15,903901088.61,264300168.65,0.66,0.57,0.29,738311837.32,335804911128.75,9836367132.69,398134029,459973,1070000000244
19800915-011818,FIN,1980,3,1980-07-01,1980-09-15,9462063246.97,1977663923.49,4.33,3.81,0.21,519122875.72,789711757368.83,5672291733.13,457071391,519472,2950000000187
19800915-035118,FIN,1980,3,1980-07-01,1980-09-15,2741962262.95,1523984051.41,45.44,41.01,0.56,560116490.90,198653589047.89,4397095016.93,33535967,37156,948sOinkIiTdaWTBlAuXFDL
19800915-112416,FIN,1980,3,1980-07-01,1980-09-15,9889447143.79,2410542840.28,4.38,3.83,0.24,715180253.49,849161783123.12,8617427153.37,550238729,629457,546dBBCsCzeivSxrOWJZkMbNfLitfJSVqvvAy
19800915-134743,FIN,1980,3,1980-07-01,1980-09-15,4705546408.99,3260530963.12,168.66,166.82,0.69,79442749.13,488821433957.09,9892259853.96,19331629,19545,0260000000199
19800915-160544,FIN,1980,3,1980-07-01,1980-09-15,5547053978.59,2877094296.36,3.85,3.47,0.52,767267835.16,14012677738.91,5432346512.42,748050327,829204,4940000000004
19800915-162233,FIN,1980,3,1980-07-01,1980-09-15,1204788965.15,358219170.44,0.45,0.44,0.30,232114940.89,336001193863.90,9539279891.96,789798935,813975,851MTSCgsJOAziPitwzYUsGnGQUTzPIeDrjSSRINK
19800915-201939,FIN,1980,3,1980-07-01,1980-09-15,4136985645.37,1329596554.65,17.02,15.37,0.32,584825509.50,709976259661.18,3128530008.26,78138671,86478,522MdcCChWJrnnJJXGaSMxGEMVNtLDSRgHEATX
19800916-013333,FIN,1980,3,1980-07-01,1980-09-16,2669706345.16,1498153855.49,24.73,23.62,0.56,927529695.59,170689267501.65,2466522893.83,60592076,63435,9610000000603
19800916-044418,FIN,1980,3,1980-07-01,1980-09-16,1485749867.38,147205594.21,0.15,0.14,0.10,34187942.85,71518770963.43,2824921602.36,971816272,1038930,8680000000025
19800916-065825,FIN,1980,3,1980-07-01,1980-09-16,2667251010.07,761497592.53,2.32,2.11,0.29,6444946.53,150515447167.72,45615191.21,327603483,361688,859ADTDJKLRrLsCIDUTfW
19800916-083901,FIN,1980,3,1980-07-01,1980-09-16,3695361965.96,2277775041.17,4.30,3.66,0.62,719823503.66,389131476329.12,1755292278.58,530274001,622870,489pwxVNkSiQOKQPlNIvWfrCWANOoJMAMQBlcxjuHpDMCRHCOyBziLykN
19800916-090428,FIN,1980,3,1980-07-01,1980-09-16,7721821268.45,2050487566.15,93.70,79.98,0.27,182387826.25,389594702753.24,7037620227.88,21884145,25636,510BGNkHkSVFBdTuPfNoMIAETucvmJKkQhReFVyGfvjpOOsNPR
19800916-123832,FIN,1980,3,1980-07-01,1980-09-16,1632106365.12,1095953464.90,19.12,18.38,0.67,718813250.28,796522223716.28,4350752215.95,57324400,59616,971IddATadJgdCfioVIuoybWUMFoSVrQfTjTzmECHLAKP
19800916-152128,FIN,1980,3,1980-07-01,1980-09-16,9204551211.61,2334956938.47,3.21,3.06,0.25,348312770.56,588872798038.30,1212693364.38,728202235,762991,4050000000200
19800916-205913,FIN,1980,3,1980-07-01,1980-09-16,2124154569.96,844310975.07,9.94,8.33,0.40,762370751.85,411140757416.57,7666657892.91,84972384,101409,902lKuICZZKIDMXlDyhjCaIFqBluEJVAjYEB
19800916-232535,FIN,1980,3,1980-07-01,1980-09-16,2423607911.28,344731104.50,1.38,1.19,0.14,979308283.04,380000926987.67,8005906042.16,250675514,288632,232qHNTtjtRGMZppVRjcMXNYkzLPeMhkorcRLFhljKfx
19800917-065107,FIN,1980,3,1980-07-01,1980-09-17,1934595233.97,1306291078.12,2.30,2.04,0.68,654749698.71,677263989517.52,4579336438.41,568115840,639520,446xUJWMEEmEMdIWSDGXW
19800917-120250,FIN,1980,3,1980-07-01,1980-09-17,3647625467.45,780941667.52,16.67,16.45,0.21,143206181.54,198876152981.70,7313196652.83,46848141,47485,881rkWTCsQbCPAUfRcKLCwMGTdIqvRSpGXQyDXxU
19800917-133325,FIN,1980,3,1980-07-01,1980-09-17,3672998485.68,2517080142.06,7.49,6.26,0.69,307956900.47,441990556325.98,5408055513.42,336092324,401795,605eyGBByYTpoRbgjJdHtPbQdJTXrTbcWTJkSHlPvDAkK
19800917-183745,FIN,1980,3,1980-07-01,1980-09-17,7007375813.75,4489001609.22,5.22,5.03,0.64,644820778.78,20963420258.81,2493646011.75,859934951,892858,0470000000429
19800917-221642,FIN,1980,3,1980-07-01,1980-09-17,1656135448.15,1014527764.31,35.89,35.14,0.61,364698386.27,261756166750.05,9114987703.39,28269674,28868,4190000000415
19800918-013019,FIN,1980,3,1980-07-01,1980-09-18,6991236713.22,2441726831.80,13.97,12.17,0.35,101362515.60,584205194791.17,3764008000.14,174837466,200684,8060000000421
19800918-060628,FIN,1980,3,1980-07-01,1980-09-18,2556996051.42,1262641732.96,10.00,8.40,0.49,856609801.51,730822922026.05,220071193.81,126232800,150344,418PbZdBtNVFkoHUVrXoPHrheGsXLJgIHgHTAbSKZsIPv
19800918-063258,FIN,1980,3,1980-07-01,1980-09-18,5175441468.54,3120142008.18,3.55,3.55,0.60,590100842.73,936695100813.33,2689964667.83,877717477,879348,4500000000473
19800918-110250,FIN,1980,3,1980-07-01,1980-09-18,2307077119.16,1486874628.17,14.94,14.38,0.64,490344787.74,314096396777.29,5766846452.93,99497915,103394,525akcLwknpubRCsPxfDMzUX
19800918-180359,FIN,1980,3,1980-07-01,1980-09-18,7261286880.68,1695781719.07,6.05,5.40,0.23,988918215.40,52059297467.57,9784250494.19,280510786,313797,532VxhJFCbVNWpWKaEImA
19800918-185457,FIN,1980,3,1980-07-01,1980-09-18,5161219674.48,1618096987.92,5.13,4.76,0.31,107554479.22,881779341014.86,6540496048.19,315528658,340191,1650000000546
19800919-004436,FIN,1980,3,1980-07-01,1980-09-19,5128155030.98,3011734842.38,10.25,9.32,0.59,317431494.10,202716420701.31,624372132.94,293686859,323137,3950000000501
19800919-053635,FIN,1980,3,1980-07-01,1980-09-19,8330495964.60,1422767046.78,1.53,1.37,0.17,854968048.35,765052890287.94,7165575510.97,928571814,1034867,782qKZmxEJdJHmHxmqcMqVLIgrwrTMFGSYepLzRROMkSDC
19800919-055359,FIN,1980,3,1980-07-01,1980-09-19,3442035648.12,1336758420.36,1.77,1.63,0.39,398281043.88,299245916501.90,7168060765.28,755743352,820495,000COuSdFGyHSPGOUhjCwiAIgrW
19800919-073659,FIN,1980,3,1980-07-01,1980-09-19,5373793912.07,2825222512.34,2.90,2.77,0.53,169073224.53,399750763409.22,811989964.72,975098801,1019849,1040000000184
19800919-135415,FIN,1980,3,1980-07-01,1980-09-19,2167880156.94,1467395172.96,29.06,28.28,0.68,131748239.27,470008797130.02,5251112972.43,50497357,51888,734YwfZSzCHnIqSMrTYCCEtVKrNxTKQsq
19800919-152634,FIN,1980,3,1980-07-01,1980-09-19,8741662736.78,3964140006.21,4.08,3.48,0.45,221612565.83,191286885994.43,7372602573.95,971430359,1140493,515INCVOnqRUbRUlcbsNOOspWRoozAAALPMUWeJWkmtzAjROMth
19800919-195604,FIN,1980,3,1980-07-01,1980-09-19,2712319688.36,1248583184.25,1.92,1.84,0.46,708738699.81,61683812175.28,3287673513.03,651928108,677641,0650000000359
19800919-214516,FIN,1980,3,1980-07-01,1980-09-19,8053405296.03,2343698160.92,2.83,2.52,0.29,346935365.11,136540781966.48,5836343377.37,827243952,928222,504souFxWxQAnPIdALUdlTIqEfShntJNHKvyN
19800919-222000,FIN,1980,3,1980-07-01,1980-09-19,7201834917.32,2731200474.71,136.99,117.15,0.38,172616889.27,749564440639.31,3895433460.54,19937307,23314,0380000000050
19800920-055612,FIN,1980,3,1980-07-01,1980-09-20,5105957420.28,2753016662.06,68.24,67.92,0.54,34781050.53,83367201093.23,1863861189.90,40341368,40534,2300000000057
19800920-070141,FIN,1980,3,1980-07-01,1980-09-20,3002591898.15,1451701806.72,2.95,2.77,0.48,900721699.18,58999036281.21,1018968047.16,491577540,523741,3360000000136
19800920-130416,FIN,1980,3,1980-07-01,1980-09-20,6759641704.92,3676383782.96,8.33,7.44,0.54,495234357.68,137042161020.86,1862448238.48,441282290,494052,5940000000499
19800920-153841,FIN,1980,3,1980-07-01,1980-09-20,795652048.50,398657935.62,0.67,0.59,0.50,295571101.61,121345344836.72,2484915452.16,597594137,671418,0500000000266
19800920-202434,FIN,1980,3,1980-07-01,1980-09-20,1020747015.65,683147443.34,0.69,0.61,0.67,879299687.22,491337321299.37,6914642252.97,983625730,1122379,9790000000503
19800921-032535,FIN,1980,3,1980-07-01,1980-09-21,8210561185.30,4452742152.27,4.85,4.84,0.54,19307309.81,380496603397.42,3309769511.06,917432230,919213,2450000000563
19800921-033619,FIN,1980,3,1980-07-01,1980-09-21,2413492550.61,560193606.97,2.51,2.25,0.23,824151646.08,916311463898.38,8325607395.82,223564327,249340,840TCxsxGTewqmnLTEYFXMiPQaSOMGTCpSGju
19800921-053717,FIN,1980,3,1980-07-01,1980-09-21,408710824.79,13448039.53,0.06,0.06,0.03,341277585.06,222811497807.24,2430205131.34,213310325,214097,3550000000108
19800921-070955,FIN,1980,3,1980-07-01,1980-09-21,1894528042.84,528674834.11,6.22,5.26,0.28,540863933.47,809757886531.56,5662198035.58,84991338,100528,4890000000458
19800921-132925,FIN,1980,3,1980-07-01,1980-09-21,315575936.69,111372011.73,0.18,0.16,0.35,707173149.40,81460451406.99,1305626801.34,624299936,716194,911TLTVMYzvwNLIFyASVSzHHfKQKIVGXtaABRlgkojNUKzVnCayzQuFlRwKm
19800921-164716,FIN,1980,3,1980-07-01,1980-09-21,1754754902.72,370609766.60,0.39,0.33,0.21,530078077.67,276616469526.50,1608651517.87,944517793,1130492,643pIcNfPPBGvDFpVVzFYMOIINuDPrXwOTebCLY
19800921-224935,FIN,1980,3,1980-07-01,1980-09-21,4600355429.28,1147233383.65,9.23,8.78,0.25,215657954.37,884984545016.89,9610723633.85,124314731,130660,2830000000388
19800922-001039,FIN,1980,3,1980-07-01,1980-09-22,1665883138.70,1156334881.62,1.76,1.62,0.69,385950492.56,528715255771.69,9330782501.65,657862016,715207,3790000000469
19800922-024337,FIN,1980,3,1980-07-01,1980-09-22,8478535386.26,2698834915.20,5.93,5.64,0.32,457693860.71,909422632412.76,1318892928.13,454863789,478743,260qRAMrJWYRgHUIFKxEZjraB
19800922-094508,FIN,1980,3,1980-07-01,1980-09-22,3896001305.12,358996568.75,0.50,0.42,0.09,950445353.01,990351358410.50,28253236.49,722027797,846679,4940000000568
19800922-123954,FIN,1980,3,1980-07-01,1980-09-22,5775022893.49,2105652511.71,1598.27,1483.63,0.36,169323556.31,612746942856.00,212666339.41,1317458,1419,256RICOfhFDpPHwKRHsmPHYTpTzGDeJMQruPEEdPICrMiweHGwOFQYNoQXZW
19800922-161138,FIN,1980,3,1980-07-01,1980-09-22,2528415531.51,267892599.34,0.46,0.43,0.11,135740882.03,530119223393.03,5859619545.54,584843250,622978,250PtkhYEKCAIopXOowBJbKCkVze
19800922-232240,FIN,1980,3,1980-07-01,1980-09-22,36616080.32,24616168.94,0.06,0.05,0.67,229053322.97,116660131380.82,1949544806.27,433333407,466241,1290000000338
19800923-025910,FIN,1980,3,1980-07-01,1980-09-23,5105549779.28,2953307793.43,12.48,10.87,0.58,826356848.51,909326799195.17,2368854938.49,236588889,271761,964rvAVWdPVTunQSZzOYjDYsGwWMYXjBJVnLeRwbiMTRnNBlj
19800923-090559,FIN,1980,3,1980-07-01,1980-09-23,8068054840.85,923447816.97,5.84,5.74,0.11,69383827.85,863657360785.39,4656888078.38,158164888,160907,0370000000561
19800923-103657,FIN,1980,3,1980-07-01,1980-09-23,5125790998.43,1801368632.00,3.17,3.01,0.35,556223417.03,68354275042.18,3558342869.33,568403096,598620,3830000000193
19800923-105350,FIN,1980,3,1980-07-01,1980-09-23,166037614.77,45472145.89,0.05,0.04,0.27,108523675.68,462973818171.32,5668223846.19,891997093,1055414,7870000000525
19800923-163631,FIN,1980,3,1980-07-01,1980-09-23,1232800137.15,420642272.03,2.98,2.91,0.34,294535939.32,506918633588.26,1864566344.71,141193062,144310,7850000000360
19800923-224732,FIN,1980,3,1980-07-01,1980-09-23,8324708002.30,5482786029.26,10.99,9.66,0.66,521161133.71,747168891171.22,8408910646.15,498915802,567690,3510000000455
19800924-042001,FIN,1980,3,1980-07-01,1980-09-24,2452162324.39,557200719.19,0.60,0.52,0.23,242556397.11,812343572216.86,1542619557.65,923899576,1066692,8480000000361
19800924-075513,FIN,1980,3,1980-07-01,1980-09-24,610369547.57,43913390.09,3.74,3.57,0.07,840017602.94,795823236371.26,8685045708.09,11730576,12309,996WOapjrrZrAExiWGpoOyxLxBFtcrf
19800924-083633,FIN,1980,3,1980-07-01,1980-09-24,8421589273.45,4358315769.41,4.75,4.63,0.52,582069644.03,397886765845.46,8740659464.58,918314046,942044,830KRtMROFTkhVPydRKxEDtVV
19800924-132100,FIN,1980,3,1980-07-01,1980-09-24,1278427749.95,681228705.02,1.29,1.24,0.53,288750231.09,400082063969.17,283757567.09,530129521,551185,111sJBJVldbUpGaBupOWJtUl
19800924-205125,FIN,1980,3,1980-07-01,1980-09-24,7731150595.86,988762296.46,3.72,3.18,0.13,454289619.98,328399327878.38,8663815404.73,265903920,311351,1900000000041
19800925-022046,FIN,1980,3,1980-07-01,1980-09-25,4970777045.15,1723317654.85,2.79,2.47,0.35,547542672.99,127668546109.26,9150133673.56,617030833,697744,972cRDTyWCuTZTRxXCApmHGnQVOBbAndHTDiHP
19800925-030859,FIN,1980,3,1980-07-01,1980-09-25,18419418.03,10767877.16,0.01,0.01,0.58,361540297.83,889592811828.74,6710974525.39,835527410,914276,7480000000599
19800925-061532,FIN,1980,3,1980-07-01,1980-09-25,2637137301.31,1136092545.50,3.00,2.89,0.43,81211300.96,283177569890.07,3049158959.37,379103488,393576,3650000000194
19800925-134955,FIN,1980,3,1980-07-01,1980-09-25,7332587061.36,4407764192.37,26.89,25.31,0.60,466809903.50,249864577118.69,2037659353.10,163948316,174126,874reiXxzjRuPXPXrZpVKbnvJ
