2016-10-13T17:42:52,410,733
2013-10-15T10:39:41,1542,2936
2011-06-30T07:04:40,1200,2329
2015-11-28T16:22:20,1585,3013
2014-03-22T22:39:07,206,394
2014-10-07T03:37:49,2809,5393
2012-01-01T03:57:55,2257,4331
2010-03-16T18:47:14,16,2186
2016-08-01T14:23:00,1257,2379
2010-07-07T06:17:13,1130,3126
2016-12-04T21:29:55,2279,4370
2013-08-12T23:19:27,2008,4538
2014-07-07T15:24:49,4684,9036
2008-03-04T07:06:47,122,173
2007-08-25T04:00:22,82,99
2015-01-25T17:40:04,1778,3393
2017-03-15T06:05:21,2236,8699
2013-09-15T10:20:33,1694,5692
2016-07-11T13:22:06,1450,11142
2011-01-04T11:50:27,291,495
2016-12-16T12:41:45,1242,8306
2015-11-10T06:55:20,1144,3304
2014-12-09T05:21:59,3229,7254
2007-09-18T10:00:01,1,1
2015-06-13T04:25:48,1541,2935
2012-07-23T18:40:24,704,2015
2012-03-02T05:27:50,1211,2282
2016-07-30T17:10:50,7004,13549
2015-11-27T08:32:07,3548,6829
2007-11-12T01:03:20,17,17
2017-05-11T18:04:19,2858,7606
2012-04-17T17:18:57,3000,5771
2009-10-06T02:41:28,248,1210
2011-12-20T14:41:25,1029,2668
2014-11-04T03:35:53,1444,5648
2008-08-22T14:08:38,519,944
2016-06-15T03:07:09,3525,6789
2010-06-27T06:46:21,1179,2505
2012-08-10T17:57:18,524,6211
2007-10-29T20:06:58,111,431
2014-03-29T17:21:59,942,8691
2014-07-09T11:20:43,5096,9839
2016-04-11T09:30:53,700,7990
2016-05-15T01:51:59,705,4425
2010-12-16T12:52:29,1666,3179
2013-05-22T11:43:05,126,397
2016-06-13T14:14:45,998,3206
2009-11-04T15:05:16,1104,3061
2014-06-04T14:00:17,3896,7517
2009-04-27T11:12:43,122,925
2012-01-20T17:35:20,1915,3666
2014-09-13T10:52:22,769,1432
2017-03-24T02:03:28,1534,8946
2016-12-19T21:19:18,6679,12918
2017-06-30T12:52:27,3434,6613
2012-05-21T00:16:43,536,6424
2012-10-12T12:39:47,2465,4726
2012-07-15T01:25:26,37,2151
2014-06-13T22:19:33,2615,5012
2007-12-12T17:19:35,241,575
2015-10-01T22:23:39,6257,12105
2009-10-03T12:30:28,1051,1986
2010-08-25T14:06:40,1688,3873
2008-10-19T03:23:26,361,633
2012-07-09T07:41:08,1837,3503
2012-11-25T13:11:13,2110,7164
2009-03-14T17:11:05,139,542
2008-04-13T23:52:38,260,927
2016-03-26T00:20:17,896,1678
2015-02-21T20:40:09,544,986
2010-01-14T14:55:46,1632,3111
2015-10-20T19:12:49,1523,2900
2009-08-28T05:43:54,779,1442
2014-02-07T17:45:47,161,4713
2012-04-28T03:32:18,2402,4612
2011-09-30T17:05:28,1178,3966
2011-12-28T04:46:28,2990,5744
2009-04-07T13:49:59,565,1041
2013-09-13T12:45:37,146,1275
2012-11-16T08:57:01,3396,6541
2016-08-19T05:05:57,504,1304
2010-08-16T16:31:31,14,2077
2010-08-19T15:36:48,1677,3190
2012-09-19T03:39:00,1839,3505
2016-09-06T08:07:49,327,8595
2017-06-28T03:35:05,1264,5020
2017-03-03T08:32:13,5687,10991
2012-09-10T23:55:10,2672,5137
2009-02-16T12:00:15,682,1260
2013-08-30T20:21:58,1006,1890
2015-08-01T17:48:29,5946,11505
2009-06-01T16:05:36,71,366
2016-02-22T22:01:57,667,8807
2009-10-06T20:36:12,1521,2898
2017-06-28T06:02:38,6220,12547
2010-03-05T00:36:59,644,3724
2009-03-27T22:22:15,70,2425
2013-02-25T18:54:36,2265,7293
2007-10-20T10:30:35,181,434
2013-06-28T10:25:41,1175,2212
2012-06-14T15:08:37,3770,7272
2010-07-04T15:45:31,439,796
2017-05-28T16:56:34,675,7303
2013-08-08T15:24:08,3683,7100
2008-02-18T02:05:01,116,167
2010-12-05T21:55:21,2333,4475
2012-04-08T18:24:31,2250,4307
2015-10-07T10:04:14,5338,10319
2013-01-25T01:10:50,3467,6680
2014-09-04T09:37:48,643,9332
2007-11-30T15:04:47,58,501
2010-08-03T03:56:45,2238,4295
2015-02-09T11:46:06,1961,5685
2010-07-24T20:52:50,5,498
2010-02-09T03:51:40,1501,3314
2009-02-04T12:36:45,356,1658
2013-08-14T00:09:31,1537,6133
2010-09-11T02:59:32,2499,4794
2015-08-17T12:55:44,566,1345
2008-09-27T19:27:50,551,1010
2015-07-10T05:27:33,2778,5345
2011-08-02T12:04:58,2629,5366
2007-09-07T21:03:34,24,198
2014-03-19T13:32:22,858,1606
2016-05-27T13:20:00,2377,10100
2009-03-05T06:25:52,1074,2026
2015-09-16T13:48:49,4019,7742
2012-03-07T09:46:21,725,1337
2010-03-31T15:09:03,1342,3523
2009-07-20T13:07:20,986,2782
2007-08-02T15:51:53,14,14
2016-01-03T11:43:03,1432,2724
2008-06-07T01:00:26,662,1223
2013-01-08T17:12:33,2208,5190
2010-10-08T06:31:43,309,1026
2009-04-15T12:27:10,1131,2134
2014-04-07T15:21:19,310,531
2012-10-10T04:58:59,2254,4311
2009-08-03T19:47:56,182,928
2009-08-29T06:39:43,339,2082
2013-03-12T16:45:24,3629,6995
2010-11-20T08:29:55,134,3868
2013-05-08T11:23:08,608,1343
2014-04-28T10:22:20,2220,5410
2017-05-02T12:15:21,7049,13645
2011-03-23T11:43:16,21,1338
2014-02-21T08:54:22,3081,5920
2008-12-24T04:10:22,763,1426
2015-08-10T03:04:08,4427,9599
2013-06-10T14:01:18,3494,6724
2007-10-02T01:25:14,119,170
2008-05-17T16:18:48,74,785
2015-05-01T12:08:03,2208,4231
2012-05-27T15:04:42,2523,6238
2015-09-14T17:06:15,3203,6161
2014-01-04T07:28:45,4770,9207
2009-08-11T11:31:13,1533,2910
2013-02-15T03:21:47,1090,2320
2011-07-12T05:53:15,1556,5965
2012-06-15T14:07:46,3064,6182
2010-01-21T01:38:33,1418,3066
2013-11-04T04:31:12,4836,9341
2014-12-25T18:54:01,2191,4197
2012-09-14T13:13:28,1321,2511
2017-05-29T22:50:12,2503,12308
2014-11-26T08:59:50,1766,3364
2017-03-15T22:40:03,2968,5705
2013-09-19T14:32:15,3124,6014
2012-12-26T11:14:15,3512,6759
2011-03-16T08:27:50,463,1589
2012-05-23T11:29:59,1303,3019
2008-07-20T04:45:25,101,715
2017-01-29T21:49:20,842,1573
2008-11-08T16:01:42,928,1744
2012-04-26T04:42:07,1212,4634
2011-05-07T16:47:11,1896,3630
2015-06-24T20:52:23,486,4597
2007-09-03T00:34:33,57,193
2014-07-15T21:29:10,4249,8193
2013-06-14T13:36:18,3428,6607
2017-01-15T10:26:45,503,911
2007-07-28T10:20:18,2,2
2010-09-02T14:57:56,1047,1965
2012-06-20T05:54:10,3806,7342
2009-03-15T23:33:27,727,1356
2008-04-20T03:02:41,27,222
2014-10-24T05:12:28,611,1308
2011-05-15T05:01:10,22,22
2016-01-04T09:06:18,4280,8258
2013-10-07T19:04:49,446,1445
2008-12-20T06:51:52,348,620
2016-09-14T19:42:04,7080,13710
2009-02-18T15:27:12,835,1633
2016-07-28T01:33:43,917,2999
2008-04-16T08:19:35,228,502
2015-06-15T19:19:46,5324,10288
2014-12-09T16:52:35,2635,5066
2007-12-04T11:16:05,41,91
2015-05-17T13:25:11,3238,7641
2008-03-28T01:19:58,399,705
2017-01-14T20:05:29,2852,5487
2017-03-25T17:41:32,1406,5341
2012-05-31T07:05:57,3139,6046
2008-12-31T11:36:46,305,526
2014-09-30T15:00:59,331,645
2016-02-10T03:48:31,671,3406
2015-03-13T23:36:12,2514,5969
2010-05-22T14:45:50,1299,2994
2011-06-03T00:34:18,1239,3033
2009-12-01T13:08:05,335,2640
2012-01-20T23:52:18,657,1218
2016-07-14T05:55:44,6809,13167
2013-12-15T04:03:04,816,7615
2012-04-18T04:23:43,1461,2770
2012-10-04T19:46:44,494,902
2012-11-09T00:38:04,393,4734
2015-02-13T09:08:51,4837,9531
2009-11-14T17:59:29,1589,3017
2012-01-03T01:07:55,99,1108
2015-06-30T13:31:49,157,242
2010-04-21T17:55:36,20,20
2014-07-31T05:01:40,3626,6992
2013-11-08T06:42:40,740,1369
2011-08-03T20:07:35,3152,6059
2010-03-13T17:37:49,1381,2622
2016-01-21T11:51:02,4838,11958
2017-02-26T00:44:27,1006,6556
2016-09-29T21:00:20,3303,6363
2008-01-18T15:25:22,254,424
2010-11-24T07:04:35,1120,2106
2012-06-26T06:15:58,826,1540
2014-04-03T07:14:59,2171,4160
2010-10-09T09:05:17,714,1326
2012-06-27T13:51:58,2028,3881
2008-11-18T17:28:23,547,1006
2012-01-17T02:55:51,2936,5639
2013-01-26T01:20:04,926,2402
2012-02-12T05:27:47,891,1673
2014-08-01T12:55:29,4594,8861
2014-08-30T17:08:24,739,3719
2014-03-05T22:55:20,646,1844
2012-11-14T18:45:27,489,880
2008-11-16T10:46:50,838,1831
2009-01-04T04:01:19,803,1500
2011-08-30T16:32:10,161,654
2010-01-01T15:56:07,1109,2095
2009-05-09T15:25:40,983,1850
2016-11-08T15:05:32,1107,2093
2012-11-16T00:12:31,1744,3325
2010-01-08T16:39:23,867,2326
2014-11-20T06:52:15,1330,2520
2007-10-30T06:39:20,173,328
2017-06-23T10:18:59,5550,10735
2014-01-21T02:33:09,2092,8898
2008-07-07T23:47:54,308,529
2013-12-04T00:08:08,206,854
2013-04-12T23:24:00,187,1830
2010-11-26T18:10:20,401,1623
2012-07-13T01:29:11,552,5089
2007-12-06T01:20:41,296,517
2016-05-25T23:13:53,5044,9736
2008-03-16T15:34:10,327,565
2012-10-01T16:43:36,2780,5893
2010-10-24T03:18:06,2340,4482
2009-10-31T00:56:24,1682,3212
2012-05-12T21:26:18,622,3337
2014-06-11T10:35:43,1073,2025
2012-06-11T11:37:21,2599,4996
2015-08-17T16:45:56,4430,8544
2007-10-07T21:09:20,78,95
2011-10-28T19:15:12,3236,6228
2012-02-26T13:59:51,623,3696
2013-11-28T11:58:32,1908,3642
2007-09-22T05:29:22,70,163
2008-06-05T05:58:05,133,1245
2011-06-17T03:50:30,1616,3078
2013-07-15T15:33:31,417,1793
2011-07-31T07:35:02,2725,5241
2008-06-25T09:30:15,24,24
2008-11-14T16:29:28,716,1328
2008-12-30T00:42:14,38,617
2015-02-06T17:59:05,4250,11185
2014-11-23T03:21:37,3171,6095
2013-08-02T22:53:28,349,621
2017-07-01T19:13:12,6022,11649
2016-07-08T03:35:19,6530,12633
2014-10-27T14:08:32,3581,10720
2014-07-19T23:28:17,4408,8505
2015-11-01T01:15:14,1699,11567
2016-08-03T15:57:46,5858,11332
2008-01-24T03:08:10,320,558
2011-10-11T20:47:29,3168,6288
2017-02-13T09:05:00,614,1124
2009-09-07T07:34:15,177,1730
2010-11-11T06:28:05,749,2671
2011-01-16T23:54:24,444,1039
2011-11-28T09:11:35,890,1672
2015-09-22T17:38:52,255,9914
2012-11-16T01:59:51,3283,6326
2013-07-03T19:46:17,1344,5225
2016-08-17T07:15:28,1278,2417
2017-01-08T20:30:00,6174,11987
2013-08-20T18:49:23,2271,6557
2008-03-08T20:39:32,299,520
2017-04-04T21:21:52,3694,7111
2017-06-28T02:39:04,5126,9903
2011-04-19T03:32:06,1925,3676
2015-03-18T01:52:29,3127,6017
2013-11-25T20:50:42,304,525
2015-01-13T21:08:46,3359,6470
2008-10-31T08:10:26,132,325
2012-12-18T22:17:27,1001,4629
2017-02-10T02:31:28,2231,4271
2017-03-10T15:25:55,5775,11164
2010-07-11T23:50:43,955,2507
2012-07-25T10:02:42,1903,5656
2009-07-09T04:42:30,931,1747
2009-05-03T20:19:51,152,2403
2014-08-01T20:46:00,4113,7938
2010-01-06T07:32:40,357,1488
2011-03-25T17:16:48,125,1620
2007-08-10T14:33:12,87,104
2016-08-05T19:27:54,6486,12555
2016-08-27T22:10:30,4252,8196
2017-07-04T12:35:00,842,8133
2015-05-01T07:38:46,3560,6858
2014-04-10T22:36:55,1138,3765
2009-09-11T06:05:49,1229,2317
2014-03-27T10:20:02,2586,4966
2008-07-02T09:37:30,791,1471
2016-11-28T17:02:18,3094,5950
2008-03-04T10:08:47,96,605
2016-06-16T19:38:31,3097,5953
2016-08-10T19:42:04,1759,6728
2013-07-16T15:03:48,2923,7685
2012-03-01T22:31:30,1104,4418
2010-12-08T02:10:58,260,3766
2009-11-26T17:32:11,941,2080
2013-12-10T11:34:21,821,4953
2010-09-02T21:17:05,802,1499
2015-03-11T04:00:11,527,952
2010-02-02T16:43:21,113,337
2013-03-18T08:11:09,3516,6780
2012-08-25T19:19:41,2883,6766
2009-10-29T18:36:05,46,967
2012-08-17T04:50:18,100,134
2011-09-11T14:06:51,2533,4862
2016-04-24T00:02:57,4407,11319
2008-07-31T18:25:14,455,812
2008-10-05T13:02:00,354,1268
2016-01-10T05:34:48,485,2746
2010-04-24T01:24:36,1662,3929
2008-12-04T17:31:56,276,1597
2011-12-09T22:07:34,787,2252
2014-08-15T21:15:22,3309,9997
2013-05-15T08:58:24,895,3683
2012-06-07T13:05:58,1663,3176
2011-09-02T13:56:05,1827,3493
2015-08-17T20:55:32,5936,11478
2016-07-28T19:08:57,3660,7060
2014-10-08T04:10:45,365,7713
2014-12-16T05:36:11,2019,4390
2009-11-13T21:38:47,153,570
2012-09-04T02:15:45,3745,7213
2016-06-22T18:03:49,174,276
2016-04-12T00:48:36,2563,4926
2008-06-10T22:38:10,315,553
2015-07-16T12:33:41,4077,7868
2016-11-08T23:06:59,2176,4165
2013-03-25T02:16:09,2887,5556
2015-11-08T09:49:07,1555,3164
2013-11-20T15:01:42,1347,2554
2008-04-10T02:37:17,375,664
2009-04-29T13:00:01,272,757
2010-08-10T13:40:00,471,3208
2010-08-04T17:59:03,1395,2653
2017-03-22T08:13:16,2190,11842
2010-01-22T20:30:33,1141,2161
2010-04-04T16:04:02,1033,1951
2017-02-02T00:59:24,6604,12775
2014-06-27T06:26:13,1652,7231
2016-07-21T11:23:45,578,10450
2009-10-24T02:55:42,289,2044
2010-07-07T11:42:16,64,64
2010-06-29T04:44:27,1184,2238
2011-12-12T11:45:17,1403,2661
2012-01-05T23:14:23,2360,4519
2014-07-16T10:35:03,2763,5313
2014-11-12T14:30:21,300,1102
2012-05-17T00:41:30,3154,6415
2016-04-14T20:20:05,5408,11252
2008-06-04T15:10:10,595,1344
2013-05-09T11:15:42,1065,7965
2013-12-28T23:04:37,2208,4631
2011-08-14T10:26:11,796,1476
2015-07-08T06:43:38,2099,4320
2017-04-15T02:46:40,32,258
2007-11-22T19:13:14,198,317
2015-03-19T05:53:28,5375,11222
2015-08-31T04:20:35,2349,7968
2016-06-03T20:02:49,5276,10189
2015-05-25T16:04:00,1499,2842
2008-11-17T01:20:13,822,1536
2008-05-11T01:56:32,258,782
2008-11-24T19:27:11,433,895
2015-01-10T06:43:14,3023,6804
2015-11-13T03:40:19,3217,11144
2016-09-06T00:12:26,234,1486
2010-05-10T21:56:06,1667,3978
2010-06-28T05:00:57,1909,3643
2011-11-08T09:04:35,1631,3110
2012-05-17T00:10:38,2759,6601
2011-10-31T13:27:18,446,4392
2011-11-16T16:14:57,2842,5787
2010-01-19T21:22:19,1366,3687
2012-10-21T23:10:45,942,2705
2013-01-26T13:45:11,476,1513
2010-06-06T08:42:06,1035,4257
2007-08-19T20:26:51,4,4
2008-07-04T11:24:56,577,1053
2014-02-06T10:55:02,751,4033
2017-06-13T20:34:00,1690,3220
2009-11-28T04:58:21,1258,2380
2010-05-19T05:44:19,1886,3603
2008-04-26T08:08:03,197,891
2017-06-04T11:47:54,4705,9091
2009-11-29T22:00:24,1210,2742
2008-01-07T03:53:14,213,444
2014-04-24T02:06:00,4407,8504
2011-11-08T20:25:31,1451,2760
2013-07-04T12:23:36,1414,2689
2007-12-27T21:37:45,39,253
2012-03-01T21:35:09,3606,6955
2016-09-04T04:36:51,4630,8931
2012-03-16T10:27:03,901,4747
2013-10-22T13:56:08,2682,5147
2011-03-08T06:49:26,1905,3639
2010-02-24T12:55:07,110,144
2009-09-03T10:42:35,79,96
2008-01-21T03:12:00,429,820
2012-07-21T10:54:32,326,7578
2013-12-13T18:35:16,261,1025
2011-01-28T17:23:17,1304,2477
2008-02-01T22:28:35,214,350
2016-07-15T06:32:59,1724,10593
2010-04-13T10:25:38,1740,3321
2009-08-08T03:25:32,475,866
2013-09-01T22:52:29,3892,7496
2015-10-30T17:37:39,104,3266
2015-03-01T03:41:36,1724,3288
2017-01-19T22:13:07,2594,7154
2015-02-05T19:16:39,2452,4696
2009-09-14T02:36:04,549,1008
2012-06-15T23:19:51,878,3967
2013-08-07T09:02:19,675,4844
2013-07-21T10:09:56,591,3416
2017-06-19T14:07:38,1818,3467
2010-01-06T00:20:36,1199,2270
2016-07-19T19:43:06,25,25
2016-11-27T01:51:34,1675,3188
2011-04-04T21:00:11,151,236
2012-08-06T11:56:33,1140,2160
2012-09-17T12:06:54,3664,7326
2013-05-30T10:00:00,3661,7061
2009-06-30T07:45:26,1304,2962
2017-06-01T01:53:56,3389,6517
2015-05-21T06:07:12,568,2952
2008-05-15T00:49:12,585,1078
2011-01-18T12:55:06,1019,5189
2009-06-10T16:40:27,420,823
2013-12-31T23:13:57,1431,2723
2012-02-18T05:51:07,217,353
2009-01-16T07:19:40,974,1824
2013-03-16T02:53:59,53,1211
2007-11-10T08:26:01,5,333
2009-03-22T05:50:33,256,582
2016-10-31T04:15:12,2636,5067
2015-05-01T17:53:58,4853,9375
2007-12-15T22:05:50,93,110
2015-12-02T00:11:33,1195,2266
2013-07-03T01:55:18,3538,6819
2010-04-09T06:54:49,300,521
2013-07-17T12:01:55,2585,4965
2017-04-09T18:29:26,3764,13953
2011-10-08T16:32:50,1205,2459
2007-11-24T15:06:33,50,364
2010-03-27T05:12:46,586,2708
2016-02-04T07:12:45,1112,2647
2014-05-28T22:53:10,4777,9231
2008-10-08T02:15:21,793,1839
2013-11-03T01:08:15,1585,9042
2014-06-01T14:11:04,739,3167
2010-06-23T03:23:00,2076,3980
2010-01-24T17:41:42,213,349
2011-04-14T04:26:13,1198,2269
2011-06-30T15:49:52,513,2118
2015-09-25T01:06:48,766,1429
2009-02-01T18:21:42,521,2046
2010-10-16T15:27:08,1109,4318
2011-05-03T19:34:26,2343,4485
2013-02-15T18:27:24,4335,8364
2011-05-12T10:53:00,625,1152
2012-11-03T02:04:46,1170,2207
2010-11-08T17:34:03,130,294
2014-03-15T01:24:03,3095,7199
2010-02-26T17:47:02,703,3761
2012-09-07T13:19:49,2097,4018
2013-03-07T19:52:59,3574,6889
2015-12-10T01:28:07,669,9542
2009-05-29T10:19:14,204,1867
2017-03-27T09:59:19,3772,10620
2012-12-26T22:07:50,59,5224
2009-08-15T06:10:02,680,1258
2010-07-30T18:14:53,282,548
2013-05-12T23:46:18,896,3018
2013-09-21T13:50:31,2438,5650
2012-03-31T18:26:06,2079,3983
2014-09-28T19:00:17,4477,8911
2016-09-06T06:30:44,6787,13128
2008-05-25T04:57:34,230,383
2010-12-09T01:40:55,1511,2871
2015-01-05T21:08:44,5072,9798
2015-11-05T14:05:17,975,1875
2012-02-18T14:46:39,1596,3041
2017-04-16T04:27:48,1487,2830
2013-05-02T15:22:21,1799,6111
2007-12-28T09:47:28,47,47
2010-01-02T00:23:47,277,2008
2017-02-23T21:13:17,6158,11904
2008-05-21T19:37:12,96,130
2014-10-06T01:21:13,3287,6330
2010-07-21T23:35:31,242,412
2008-10-10T17:02:46,894,1676
2016-03-16T11:51:22,292,8654
2010-05-31T02:02:40,872,1637
2014-07-23T02:24:33,1139,2142
2014-09-09T04:38:31,5033,9725
2010-05-21T12:04:01,1114,2255
2009-09-29T21:30:30,328,827
2015-09-15T17:15:43,817,1946
2009-04-04T23:21:30,58,1772
2010-01-12T21:16:00,1283,2422
2016-01-01T08:31:16,2780,5347
2016-09-25T08:44:09,2226,4266
2010-10-14T12:48:07,1388,2629
2008-01-18T05:57:12,69,115
2012-09-17T01:30:12,1144,2164
2012-07-13T15:48:05,3725,7176
2013-01-14T11:47:00,45,758
2015-01-22T03:01:31,225,1107
2014-08-14T17:55:02,4560,8810
2008-09-18T21:43:44,941,1757
2014-08-24T09:52:50,393,1912
2010-08-10T20:24:38,1726,3290
2009-05-10T06:44:18,880,1645
2009-10-27T17:15:22,256,1481
2007-08-11T08:22:13,34,34
2014-11-30T03:07:46,4103,9330
2009-06-24T08:43:49,407,1558
2013-04-04T09:35:35,131,3197
2007-11-16T00:39:31,145,213
2013-10-08T23:30:20,530,1249
2011-06-30T12:36:04,2335,5368
2015-02-06T02:04:28,4563,8813
2014-04-01T21:53:22,329,3937
2013-08-29T01:11:35,2237,4277
2011-04-02T17:37:55,2756,5289
2014-06-20T12:50:35,3399,6544
2012-06-30T23:21:00,2378,7224
2015-01-20T02:36:47,3479,8136
2013-09-03T17:46:28,216,641
2008-01-08T22:44:46,204,679
2013-06-11T21:07:27,1518,6252
2013-10-09T23:34:28,362,2424
2007-10-14T12:00:14,28,82
2015-08-08T07:03:28,5641,10911
2011-06-07T22:18:24,918,1717
2009-06-11T19:50:11,1299,2455
2009-09-12T06:52:23,269,2050
2013-02-14T15:30:48,2950,5670
2012-08-24T07:20:36,3010,5781
2009-07-13T22:55:47,379,668
2007-12-08T09:24:29,279,483
2009-05-24T08:45:24,609,1119
2010-02-11T15:50:56,1606,3051
2016-02-03T03:57:36,6387,12354
2009-03-12T10:56:31,259,1037
2013-11-14T19:07:38,1000,4081
2007-10-23T08:08:46,152,237
2009-11-25T18:18:41,311,3340
2008-02-07T18:34:18,45,478
2012-11-12T23:36:34,252,499
2009-04-11T12:02:35,1201,2272
2009-05-20T12:14:19,768,1431
2008-08-26T08:27:16,853,1601
2014-09-18T23:15:33,726,8872
2007-11-11T04:03:53,92,295
2008-06-21T08:42:05,201,792
2016-09-21T23:33:51,3437,10454
2008-03-18T13:55:40,495,903
2014-05-15T22:17:00,4188,8081
2014-02-18T13:50:28,853,7120
2013-04-03T23:31:21,2687,5152
2010-02-15T08:34:05,654,1215
2013-06-28T18:01:55,3289,6332
2015-06-23T07:41:55,2701,5183
2013-09-28T06:33:21,618,4492
2009-01-23T01:01:10,370,659
2014-07-30T03:41:22,1835,3501
2013-01-04T05:40:49,117,4608
2016-10-11T08:48:10,424,7476
2009-11-06T02:48:09,1478,2804
2009-04-23T07:11:47,668,1229
2008-12-01T03:16:30,124,503
2016-04-21T02:13:55,952,5196
2013-12-24T04:19:22,87,953
2009-01-26T23:03:05,342,1583
2010-09-22T02:04:13,1009,3374
2008-09-03T04:11:55,217,1728
2014-06-22T23:46:52,4048,7805
2017-05-09T19:55:14,5533,11037
2012-12-12T17:54:38,2628,5042
2010-05-03T11:42:06,17,991
2017-04-30T00:42:38,171,1315
2015-06-28T16:36:01,6081,11759
2008-08-27T08:07:55,871,1636
2011-04-05T06:55:46,1265,3625
2009-01-08T09:19:11,989,1856
2013-06-28T20:13:25,2891,5560
2017-06-13T03:43:41,661,9016
2010-11-11T23:44:21,511,1029
2009-12-28T17:08:29,190,539
2012-04-14T13:05:45,2083,3987
2010-12-02T04:32:59,1137,2140
2012-05-21T06:26:55,745,5293
2008-11-21T12:59:29,192,689
2015-11-17T14:22:15,5642,10912
2010-11-06T12:23:29,338,593
2014-02-14T11:09:38,4579,9289
2009-10-11T23:55:58,630,2333
2008-12-02T19:54:19,184,286
2008-04-21T10:29:39,132,200
2008-02-10T18:19:25,285,717
2015-11-02T05:31:31,1212,2300
2016-10-03T00:33:18,3520,10446
2008-05-03T15:50:18,428,817
2016-11-08T09:11:56,3926,7564
2017-02-15T02:39:40,6571,12997
2015-08-17T07:25:41,4538,8754
2011-02-17T09:27:35,314,2084
2012-09-21T13:16:56,338,1768
2008-05-29T17:28:50,153,688
2011-09-20T04:55:42,1875,4980
2016-10-21T10:23:24,307,10333
2014-10-28T19:11:53,3362,6473
2015-12-11T16:26:55,2817,8983
2009-04-15T08:19:18,1293,2449
2008-01-02T04:23:57,231,384
2017-02-21T07:13:46,4865,9387
2007-10-30T04:02:38,53,53
2008-03-29T20:26:32,250,420
2009-01-16T13:05:08,273,460
2016-03-30T17:08:39,1181,4181
2009-07-30T19:14:37,1012,1896
2016-02-05T01:59:56,1345,2552
2012-12-26T14:57:26,63,1385
2011-02-07T03:32:03,89,1000
2012-03-23T14:36:05,1910,4212
2013-08-29T21:32:23,499,907
2014-02-23T03:27:57,1705,3252
2014-06-03T16:56:36,4621,8922
2011-03-31T18:32:33,1903,4116
2010-04-13T23:07:06,116,403
2007-09-06T08:54:24,147,256
2010-12-27T22:51:22,498,1035
2010-06-24T03:45:56,396,702
2008-04-30T02:14:38,638,1182
2016-04-24T14:48:27,216,12164
2009-08-01T18:13:34,270,457
2010-09-29T14:53:34,497,2884
2010-05-20T07:30:20,1091,2606
2008-12-22T23:57:03,24,405
2013-11-01T16:11:49,27,6738
2011-09-21T04:46:08,92,109
2011-05-05T00:44:04,806,1503
2009-12-23T16:29:26,898,1680
2014-04-08T20:49:46,2293,5997
2015-03-31T12:55:19,453,5481
2016-08-07T19:25:50,1046,4459
2017-05-19T04:44:16,59,3930
2011-04-14T01:42:26,142,297
2010-07-29T00:26:18,1249,2371
2009-06-02T13:16:55,1412,2687
2008-10-16T19:07:11,486,1105
2015-03-20T03:35:05,13,687
2017-05-05T11:54:26,5489,13279
2009-09-26T18:17:04,44,94
2014-05-22T11:50:18,4653,9783
2015-09-09T11:24:20,5044,10158
2017-04-08T04:38:08,6803,13161
2012-06-03T14:15:42,715,1327
2017-02-08T15:29:55,636,5273
2007-10-10T20:28:17,42,42
2012-06-29T06:54:51,357,629
2008-12-15T08:49:54,535,1936
2009-06-20T22:15:12,333,588
2014-01-09T20:43:52,823,1537
2011-08-17T07:14:35,237,3579
2014-05-17T21:26:29,4200,8110
2014-05-09T04:33:20,1572,3898
2007-08-26T03:34:29,68,68
2013-10-02T19:15:39,3868,7455
2011-06-18T01:19:42,1698,3245
2013-08-25T18:19:43,4312,8324
2016-08-30T19:16:25,2197,4203
2009-07-06T16:50:40,989,2775
2017-05-12T09:31:01,7603,14726
2009-12-13T16:16:33,42,2017
2011-07-19T16:26:34,1456,2765
2011-12-27T07:08:58,49,49
2010-09-28T14:04:07,78,2010
2016-11-14T14:48:16,2939,8067
2015-01-27T22:25:37,2552,4898
2015-11-03T11:26:08,5740,11095
2014-04-23T07:24:30,1112,2098
2008-01-16T12:08:30,105,265
2009-12-17T11:21:04,814,1511
2015-02-06T10:10:43,943,5900
2007-08-19T06:52:31,81,98
2010-03-15T20:14:09,215,1339
2009-01-30T14:43:12,692,1287
2017-04-18T05:41:01,1577,8620
2008-09-09T12:32:19,741,1370
2012-03-02T11:10:13,103,500
2016-07-10T10:26:39,309,3591
2016-03-06T15:09:24,4244,8188
2016-06-08T08:24:21,575,9674
2010-05-14T10:14:09,1144,2882
2013-08-15T08:40:52,1084,3054
2013-02-19T01:55:14,832,6554
2010-09-15T06:28:05,139,302
2009-05-15T03:40:03,641,1659
2009-03-08T03:56:03,193,370
2012-03-30T18:02:44,410,1529
2010-03-10T23:20:43,1185,2239
2007-12-15T01:56:56,351,623
2012-02-26T03:16:02,200,675
2012-09-02T13:07:43,704,4011
2008-06-18T22:08:22,166,402
2013-06-28T11:41:52,804,5014
2010-09-02T00:03:20,1197,2268
2014-07-01T20:46:12,216,10089
2012-12-10T16:28:33,2063,5680
2010-03-07T03:39:46,447,1599
2009-06-26T02:32:28,1247,2494
2010-08-07T08:51:06,2413,4623
2008-08-18T09:50:16,265,549
2010-12-03T04:58:00,2389,4582
2007-10-02T11:24:54,86,303
2011-02-16T01:11:08,2630,5044
2011-01-17T22:17:02,628,1516
2011-08-31T12:53:49,2680,5145
2009-03-13T19:05:49,18,990
2008-01-31T21:00:51,156,241
2017-03-30T21:15:50,4398,9879
2008-05-30T14:28:28,141,609
2011-08-18T10:27:00,2072,4985
2008-10-29T00:02:12,176,278
2015-09-06T17:11:44,1986,8629
2016-04-27T20:03:03,2169,4158
2009-04-05T05:51:41,259,1799
2016-12-03T01:32:18,3578,8375
2013-04-17T15:57:37,710,1322
2013-11-03T14:24:57,204,1314
2011-02-01T06:31:31,206,342
2010-03-07T20:41:30,1459,2923
2013-04-25T16:41:48,691,6317
2013-01-30T17:03:22,851,1668
2011-01-26T01:20:19,1323,2513
2015-05-21T22:54:32,1250,4248
2016-12-12T15:27:29,1680,3210
2016-03-31T17:46:46,2265,4339
2012-07-05T00:07:11,1241,7008
2011-02-19T13:01:13,1438,2730
2008-03-12T10:55:54,420,760
2009-02-20T11:06:48,689,1267
2011-12-04T10:05:04,489,1176
2008-12-29T03:28:03,225,538
2010-01-24T13:48:34,989,2361
2008-01-23T15:50:29,13,13
2017-04-28T20:15:17,3938,7593
2013-03-31T05:43:29,3045,6314
2014-05-21T16:43:51,4489,9812
2011-02-21T06:02:11,601,1111
2010-07-30T00:22:59,45,2088
2008-04-04T20:17:14,144,815
2011-09-29T10:12:15,1450,2759
2014-10-26T05:10:03,974,2426
2015-10-24T22:34:47,241,9633
2013-10-12T16:19:50,933,3056
2009-10-11T04:02:00,517,942
2016-02-25T21:23:19,2614,6532
2008-06-06T03:12:13,149,578
2009-01-28T18:00:22,464,838
2008-05-20T14:26:37,355,793
2014-01-10T23:09:51,4003,7726
2013-10-11T06:35:28,1416,2691
2013-05-28T10:33:50,803,2676
2013-11-12T11:24:47,942,7584
2010-12-26T10:39:18,34,2609
2014-05-11T20:35:55,659,1220
2010-09-22T04:11:51,125,1723
2010-12-22T06:45:29,2544,4890
2014-03-06T17:39:15,1560,2971
2010-09-12T15:11:37,1760,3358
2014-01-23T22:10:41,4172,8093
2013-02-04T02:01:08,212,2076
2013-03-27T07:36:04,277,481
2011-02-01T20:15:33,885,2052
2016-02-15T01:56:05,191,310
2008-01-31T10:47:23,63,536
2013-08-04T09:40:54,1756,6906
2007-11-07T07:54:59,12,12
2014-04-05T17:43:49,1600,3045
2017-03-15T17:00:20,294,515
2010-02-02T17:19:50,810,2191
2012-01-20T15:46:08,3408,6570
2016-06-01T02:37:16,1294,3135
2016-06-10T19:14:14,5521,11504
2011-05-18T05:14:58,2719,5218
2014-06-16T08:59:22,4668,9020
2009-10-21T08:01:04,54,54
2015-08-17T12:51:40,530,4389
2011-10-15T05:28:52,2732,6285
2015-04-06T08:40:50,1996,10019
2007-12-10T22:17:17,114,304
2007-11-19T15:32:09,177,279
2011-02-04T02:47:07,1004,1888
2016-05-04T04:30:35,6541,12661
2013-02-04T00:31:42,2969,7849
2008-09-28T13:12:41,201,320
2015-10-03T07:29:45,1756,8583
2013-12-24T18:25:55,4026,7766
2011-07-27T05:39:35,128,1842
2012-08-29T12:59:17,1640,3119
2009-01-08T11:29:55,1191,2245
2016-08-17T20:52:11,4362,11461
2013-03-05T04:41:58,1756,3943
2015-02-06T23:38:16,4747,9167
2016-10-30T19:48:09,411,9500
2016-02-14T14:49:10,1951,7969
2017-04-02T10:35:22,80,3237
2007-08-02T11:04:35,29,118
2015-05-30T23:11:51,2209,10026
2011-08-25T00:46:36,1888,3605
2009-02-27T15:48:54,1102,2071
2008-08-15T12:36:50,90,149
2016-04-21T18:02:39,2555,7617
2014-08-08T10:50:08,3997,7703
2007-08-08T01:14:30,31,31
2013-06-17T02:06:42,1674,4321
2012-09-26T12:44:27,2238,5623
2012-05-10T19:49:36,1816,4641
2011-05-19T13:48:59,700,4919
2011-01-17T12:43:34,1749,3330
2014-05-23T06:37:27,467,10377
2012-11-13T20:24:04,2065,3952
2010-07-19T11:46:09,1629,3830
2010-09-22T08:37:03,1569,3448
2014-11-25T09:45:40,468,3797
2013-09-04T11:33:05,2209,8487
2016-12-25T19:08:45,5939,11481
2014-01-01T02:36:23,2519,4831
2007-09-10T15:43:51,7,7
2015-03-23T02:24:22,5844,11301
2017-02-03T22:36:18,2776,7577
2016-05-29T16:54:35,1307,2928
2015-02-15T03:26:17,5491,10608
2008-09-05T12:05:18,207,343
2012-04-27T06:19:18,2164,6322
2015-06-02T11:39:15,4888,9444
2014-03-18T14:39:14,2194,4200
2016-11-16T12:25:47,6139,12971
2016-07-07T02:14:00,5898,11406
2014-06-18T07:48:15,3798,7317
2010-05-01T11:51:08,950,2541
2011-03-28T03:47:18,1617,3963
2011-07-21T01:25:57,1695,3225
2013-10-17T21:18:59,700,3125
2009-05-02T12:30:37,1285,2441
2014-12-23T01:41:09,1626,3105
2016-05-21T20:56:21,6111,11823
2014-08-28T21:47:48,14,186
2012-12-01T23:11:16,1608,3070
2009-01-25T15:12:28,24,432
2014-02-06T22:11:06,1828,7469
2011-05-23T20:16:56,1113,3753
2012-10-31T21:32:10,1188,3731
2012-08-18T21:27:04,2349,4508
2009-12-17T12:53:13,1444,2736
2014-12-07T03:57:38,44,7954
2013-10-18T14:43:55,645,4535
2011-12-03T05:42:03,1591,3036
2013-08-05T21:07:05,845,1576
2017-06-08T19:52:12,325,2989
2016-05-04T19:03:27,5468,10568
2011-12-01T07:56:26,1704,5934
2015-02-08T05:38:28,3837,7390
2014-06-02T19:39:24,2387,5688
2015-02-11T09:17:36,2667,5115
2016-05-15T10:42:51,2002,7228
2011-08-23T09:12:48,237,390
2014-03-14T08:35:11,3852,7603
2008-08-10T03:40:01,738,1631
2012-12-09T08:21:02,1073,2503
2009-11-14T09:47:06,149,360
2009-01-01T09:33:30,888,2019
2012-07-27T10:54:23,2312,5753
2012-04-15T09:47:22,809,3615
2010-12-16T01:42:04,1875,3575
2008-02-15T05:03:28,286,490
2016-10-31T06:28:30,27,12058
2009-07-01T07:39:42,171,330
2009-11-08T18:43:27,1042,1960
2012-10-14T06:07:36,194,1374
2015-09-18T18:32:17,4317,10648
2010-06-30T08:34:29,397,703
2016-12-25T13:22:00,615,5550
2016-10-23T03:42:32,1646,12763
2015-06-26T18:58:26,4514,8713
2013-07-11T05:41:15,772,1435
2009-08-28T19:01:34,1189,2603
2013-12-03T22:04:21,3404,6549
2009-07-16T00:22:01,1145,2254
2016-06-28T01:27:59,607,1117
2014-10-15T17:55:18,509,2392
2013-12-16T22:57:25,356,1204
2013-11-17T19:15:39,604,1114
2010-10-15T20:33:58,2547,4893
2017-01-10T13:20:18,2249,5618
2016-08-06T16:02:25,3154,6061
2015-05-06T13:34:36,3550,6831
2012-03-02T01:09:02,1262,2384
2012-11-01T00:25:44,2966,5703
2009-06-02T03:05:42,1273,2412
2008-06-23T03:15:34,29,228
2017-04-11T15:52:37,5219,10081
2011-08-28T20:24:39,638,3734
2008-02-16T04:38:19,466,840
2016-10-30T08:49:25,6228,12042
2008-04-02T19:24:54,182,284
2016-01-01T21:08:48,1966,9038
2009-06-28T22:21:50,675,1769
2015-06-22T20:10:20,389,1699
2014-12-30T13:58:22,4512,8711
2010-04-12T14:01:50,1365,3479
2014-12-29T19:05:33,1031,1932
2009-01-21T09:33:52,52,229
2012-03-21T17:03:47,1124,2127
2011-05-25T00:06:14,1475,4283
2011-02-04T09:56:07,2572,4935
2014-09-19T03:51:24,4435,8566
2012-02-11T03:14:10,2912,5598
2011-10-26T04:24:50,2236,4276
2008-02-25T16:31:25,5,5
2012-02-07T21:27:04,274,4736
2007-09-21T12:30:55,110,262
2007-12-19T14:20:01,269,456
2010-11-03T17:23:33,2038,3891
2007-12-06T20:59:40,187,306
2015-03-21T21:29:06,3278,11314
2012-01-26T02:59:40,656,1563
2012-03-11T10:10:57,116,969
2008-09-14T06:51:20,226,1457
2015-05-25T03:06:24,4457,8605
2014-05-05T21:25:56,3299,6342
2009-11-22T01:53:04,719,1331
2011-10-21T15:58:51,997,3171
2010-06-18T07:30:17,1890,3607
2015-11-13T17:22:31,589,1970
2010-03-29T15:37:53,1628,3107
2016-02-02T10:04:11,3742,7210
2014-04-29T04:19:52,314,649
2008-05-08T22:17:32,29,339
2010-12-12T17:42:27,699,1294
2015-03-06T15:54:54,2314,5409
2008-10-15T01:23:52,417,781
2014-11-10T07:44:23,2463,10380
2013-12-11T21:36:37,4010,7733
2014-04-03T10:12:47,3064,5886
2011-04-26T09:53:47,65,1446
2011-03-03T17:45:33,891,4214
2014-07-03T14:35:08,4614,8915
2013-04-08T21:21:44,3355,6466
2008-12-10T19:14:24,249,1238
2015-12-10T13:12:02,2920,12093
2008-08-07T09:07:51,394,700
2007-11-16T10:26:19,6,6
2010-12-16T08:32:39,1702,3249
2012-10-21T21:02:25,185,287
2016-05-19T23:05:45,760,9365
2014-08-10T14:13:49,526,2569
2010-03-17T03:29:11,628,2325
2009-10-20T16:58:49,147,574
2015-08-11T18:33:50,348,2190
2015-04-08T20:38:05,466,7543
2012-12-26T09:47:08,2491,6078
2014-10-14T23:06:55,5443,10526
2009-09-08T22:21:17,888,1670
2014-01-22T16:53:50,4079,7870
2013-06-16T18:24:56,946,1779
2010-08-14T19:17:48,185,931
2009-07-02T21:57:46,283,487
2013-05-05T23:42:35,4508,8707
2014-05-14T02:40:20,2567,4930
2013-09-11T01:30:56,3959,7631
2013-04-21T17:40:37,3310,6370
2008-02-17T10:05:01,50,158
2010-02-16T14:31:31,1725,3289
2009-10-17T08:12:17,306,527
2011-01-19T06:43:04,2232,4272
2013-10-22T16:01:40,1125,9264
2012-07-23T13:24:25,2229,4269
2015-12-04T01:03:39,3856,7426
2012-10-11T01:10:01,690,1285
2017-06-07T22:23:39,4114,7939
2007-09-11T06:26:24,74,74
2010-05-28T10:07:35,169,3730
2012-04-25T19:46:19,2313,4438
2016-07-05T19:46:01,6337,12859
2015-03-23T21:37:41,645,2922
2015-03-21T06:49:46,4071,10651
2012-01-28T10:51:48,979,3379
2011-11-14T18:41:30,2534,4863
2011-05-11T05:56:16,817,1531
2008-04-29T16:36:05,434,774
2016-03-05T09:16:17,424,2961
2012-04-14T21:43:00,691,2042
2016-08-16T10:24:26,1772,6109
2014-02-11T15:33:22,2219,4242
2008-07-15T20:14:16,180,924
2010-06-03T05:38:45,820,3473
2015-09-28T20:18:58,472,2124
2015-11-18T01:37:06,2722,5221
2008-05-26T09:13:46,106,140
2013-06-13T03:13:37,486,877
2009-12-24T01:20:52,1918,3669
2009-09-27T21:12:56,229,1311
2010-06-25T06:56:11,229,2283
2009-06-16T14:31:51,101,135
2007-09-25T00:59:56,10,260
2015-03-01T06:28:43,2576,4939
2014-02-18T03:07:04,936,6099
2014-03-11T20:23:24,4074,7865
2013-03-09T23:37:32,3690,7107
2009-07-17T17:39:02,377,666
2012-10-13T11:36:50,1558,2969
2009-08-29T02:08:27,942,2429
2015-04-23T10:26:51,2357,4516
2013-04-17T15:36:07,2560,4906
2009-03-17T03:00:26,1168,2501
2016-03-18T02:11:05,236,920
2011-10-09T07:09:32,256,426
2010-04-29T09:24:19,493,3794
2013-08-24T19:39:09,2353,8974
2013-05-10T10:07:08,76,569
2016-09-20T20:21:09,1685,3215
2008-09-22T13:12:23,792,1472
2009-07-23T11:38:14,397,2495
2009-05-11T16:35:26,25,120
2009-06-15T14:40:08,1104,2090
2011-04-22T22:40:33,1459,2768
2010-04-06T02:57:34,1720,3284
2016-05-03T03:20:41,3135,10066
2016-12-10T21:22:43,2461,4722
2012-04-03T08:18:20,484,875
2017-02-17T03:18:41,416,3344
2013-09-25T15:16:47,2406,4616
2008-01-29T22:15:32,356,628
2013-08-18T20:27:27,1091,2824
2015-09-30T08:25:32,4017,12153
2016-07-17T10:53:18,890,5825
2016-02-03T19:40:37,1780,8058
2013-03-05T22:46:42,1552,5891
2012-10-29T10:51:30,1457,5678
2010-11-09T15:00:15,1254,3661
2015-04-09T02:40:23,1610,6555
2014-07-16T06:09:47,905,5050
2009-09-16T00:27:27,1561,2972
2010-05-09T23:47:21,92,1068
2007-09-23T07:07:20,44,290
2016-05-15T04:34:46,266,453
2017-01-09T16:48:24,4643,8961
2011-11-20T23:24:53,1825,3491
2012-01-03T15:15:38,312,3333
2008-11-07T21:17:52,120,171
2008-07-12T13:34:55,589,1388
2016-03-02T21:00:31,2674,5139
2009-09-25T18:38:49,954,1787
2012-03-23T00:36:44,2876,5528
2013-03-12T01:24:40,2159,4131
2007-08-11T16:40:47,11,11
2008-04-28T15:57:14,199,318
2008-09-08T12:50:56,74,614
2008-07-09T20:25:55,229,1284
2012-09-06T00:15:49,1110,2096
2009-08-09T21:50:36,1203,2509
2010-08-30T22:00:42,308,2368
2012-03-28T03:52:14,1539,6776
2017-06-20T03:51:52,4216,8126
2013-09-06T14:00:50,3848,8419
2011-10-17T05:07:52,1697,3227
2012-02-26T08:57:55,1700,3247
2009-12-22T10:19:31,129,1386
2016-05-23T19:09:58,521,946
2011-03-22T11:34:25,2161,4775
2015-07-28T17:17:41,1244,5929
2013-05-31T02:28:23,280,8030
2010-01-30T16:11:36,8,1214
2013-04-11T21:32:27,3830,7383
2008-10-27T02:15:47,820,1534
2008-02-05T22:23:14,176,581
2014-09-07T02:10:22,464,2955
2008-02-08T08:58:13,36,233
2008-01-12T02:26:58,282,584
2008-09-21T15:26:43,645,1189
2011-05-06T03:44:28,1286,2442
2011-02-13T13:28:34,2714,5213
2008-11-27T22:44:33,906,1705
2016-08-25T19:16:42,2568,4931
2007-07-30T19:11:41,50,84
2017-02-06T09:14:53,3161,8694
2010-11-22T08:45:24,2600,4997
2009-02-07T20:21:36,169,613
2008-07-22T23:41:59,459,833
2008-11-08T10:47:20,23,23
2014-12-14T18:33:40,6,2119
2009-12-10T05:12:04,129,3239
2011-01-06T01:04:23,493,2359
2010-09-22T14:39:49,131,182
2013-03-31T07:24:12,3975,7664
2013-08-28T04:32:20,523,1413
2016-06-26T02:47:24,6709,12982
2014-02-06T15:51:59,4029,7769
2013-02-08T04:30:37,1574,3594
2008-03-21T21:46:23,568,1044
2016-11-22T19:34:59,4311,8323
2007-08-31T23:26:45,77,119
2015-01-07T01:37:52,449,1945
2009-07-18T16:10:32,164,249
2011-09-21T11:53:18,144,5818
2009-05-27T20:41:38,1378,2619
2016-09-19T10:49:11,671,1232
2015-10-16T01:07:22,4495,8677
2014-04-15T05:07:15,1329,2519
2015-02-23T12:24:58,1813,7507
2008-05-16T11:19:46,260,534
2008-02-28T21:52:37,377,849
2011-12-30T04:43:06,748,1394
2016-05-15T21:48:21,34,401
2017-01-23T19:23:23,5745,11100
2015-04-22T05:30:16,1619,3081
2015-09-01T16:21:22,853,10935
2011-08-13T06:26:48,2926,5629
2011-02-11T16:03:34,314,956
2014-08-17T02:02:41,1005,1889
2011-09-07T06:06:39,915,2859
2015-10-24T20:35:38,3360,6699
2014-12-11T14:29:32,104,138
2015-10-07T22:14:56,1989,3808
2016-03-24T15:30:46,2907,5593
2014-07-20T22:15:57,510,4885
2011-01-07T20:27:26,492,1340
2014-12-17T16:11:45,4464,8612
2014-10-15T05:40:26,4732,9135
2013-02-20T18:42:36,1030,2504
2009-01-24T12:07:06,648,1192
2017-02-22T11:41:02,6155,11901
2009-06-12T17:10:20,950,1783
2013-12-23T01:25:13,1645,7723
2016-10-30T12:57:37,811,7088
2010-11-18T01:52:08,1692,3302
2010-07-20T08:58:08,1357,2581
2009-07-23T05:50:25,606,1116
2014-01-19T02:08:37,330,8144
2008-11-07T14:18:22,339,1352
2011-07-07T15:53:26,2720,5219
2009-01-17T13:24:05,925,1741
2017-07-03T04:28:01,6328,12244
2007-10-21T19:21:32,88,359
2015-07-11T16:41:13,1837,8657
2013-05-13T13:37:33,2118,5262
2011-06-05T18:35:45,1435,2727
2013-09-10T07:00:42,3008,8212
2017-01-17T00:49:16,1214,3552
2008-10-21T13:42:43,162,331
2008-08-18T13:22:39,148,216
2011-12-13T14:58:10,3199,6157
2014-07-20T10:41:33,3890,7494
2016-01-21T16:09:03,1398,2656
2013-02-16T13:30:35,428,858
2015-10-13T23:51:59,4017,7740
2016-08-18T10:32:34,2901,5570
2014-10-10T20:32:50,115,166
2016-01-20T13:17:37,5022,9697
2014-10-02T03:49:55,4100,7908
2014-02-09T07:58:36,858,9508
2011-07-13T08:25:30,1404,2662
2012-04-25T01:01:19,3004,5775
2008-04-05T14:55:18,67,194
2008-04-06T07:10:27,58,58
2015-04-09T10:37:56,1194,10170
2013-01-03T18:49:19,2005,3841
2014-11-08T09:06:23,4958,9582
2007-09-14T09:01:43,112,146
2012-12-09T19:50:53,60,1771
2012-09-28T04:19:20,1316,7429
2017-06-23T12:06:09,6367,12317
2008-07-05T04:06:20,647,1191
2009-10-01T22:42:48,231,955
2013-03-01T13:33:20,544,2398
2010-03-25T17:21:16,748,3067
2008-03-12T09:41:32,380,669
2011-05-28T00:29:11,1260,2382
2012-07-04T15:16:09,1492,5995
2014-09-13T15:03:36,365,2959
2016-01-12T21:19:23,32,129
2007-08-10T22:46:29,86,103
2009-02-24T06:27:40,833,1547
2007-10-16T17:39:07,142,398
2012-07-16T07:57:50,1883,3600
2007-10-30T11:28:06,150,235
2008-05-18T23:29:13,513,938
2015-05-31T16:02:16,2721,5220
2010-04-27T03:20:40,225,642
2011-03-22T19:01:49,755,3299
2015-12-20T13:58:38,3718,7362
2007-10-09T05:12:39,139,207
2010-12-16T08:54:00,1528,3440
2008-07-25T12:03:27,172,1380
2014-03-25T03:40:55,1113,2099
2011-11-17T03:17:31,1735,6593
2008-09-25T05:23:04,532,1551
2009-10-21T19:07:52,25,1072
2017-03-20T14:30:14,5247,10143
2009-11-20T17:13:00,374,663
2015-07-07T03:15:00,1784,6462
2011-05-09T14:23:18,2559,5407
2016-04-29T05:38:47,3457,8303
2013-05-15T20:08:55,139,1762
2011-10-18T09:17:48,2595,5792
2015-07-03T01:20:31,848,2816
2014-01-17T17:11:55,878,4215
2016-08-26T15:55:51,928,2473
2010-08-17T14:19:28,565,2858
2008-03-08T18:53:28,116,296
2015-09-20T17:29:05,4504,8686
2009-12-06T08:47:41,1146,2166
2017-04-16T22:55:45,2847,11608
2013-04-16T11:28:12,202,1104
2014-03-09T23:12:02,99,997
2012-08-31T12:28:40,2661,7123
2007-11-29T00:03:52,0,0
2012-12-11T11:08:55,1612,3488
2016-03-20T22:21:06,1083,6735
2017-01-19T19:24:44,4100,8177
2008-01-05T02:20:13,135,203
2013-12-06T03:18:13,3000,8525
2009-05-28T17:41:22,1354,2561
2011-06-13T22:23:06,2622,5036
2012-04-14T16:40:45,3551,6832
2012-01-24T00:46:19,2905,5591
2009-04-23T00:13:04,24,619
2008-04-22T23:54:59,381,1063
2012-10-21T16:19:19,601,2610
2007-10-05T09:13:03,179,281
2015-07-19T11:40:24,261,448
2016-02-18T20:27:31,1218,2306
2016-12-14T16:17:58,3016,5804
2012-01-14T04:50:20,1319,2492
2012-07-09T08:25:45,2145,4100
2012-09-25T12:45:43,719,1455
2007-09-07T10:41:44,63,184
2012-10-21T07:14:10,1573,6217
2009-05-21T02:02:47,1425,2700
2010-09-13T21:42:11,1508,2868
2008-06-14T02:43:07,620,1147
2014-02-22T05:38:34,564,1040
2013-11-18T21:58:14,4076,7867
2008-07-29T01:50:38,162,884
2008-06-29T09:07:19,45,45
2007-11-27T00:07:18,41,159
2016-09-15T22:30:11,2437,4681
2013-05-07T04:24:13,848,1579
2008-11-15T14:17:54,103,234
2008-10-25T02:41:09,330,788
2010-10-15T03:11:03,1184,4360
2015-06-11T22:43:06,1736,9217
2012-08-01T00:21:43,2008,5195
2011-09-10T04:19:27,142,210
2007-08-28T06:32:22,125,176
2011-11-23T06:26:43,1833,3499
2010-12-30T05:01:43,646,1190
2008-06-16T11:20:00,281,1003
2009-11-18T06:58:08,147,1866
2016-11-17T02:00:59,676,1254
2009-09-24T14:15:11,528,970
2014-05-19T11:34:25,1101,7297
2016-01-22T07:44:15,4062,7836
2009-12-10T04:24:47,634,3307
2007-12-28T04:24:02,123,174
2011-05-24T11:32:46,1516,2876
2008-03-20T08:30:31,112,507
2011-04-14T10:07:42,656,1217
2007-11-06T14:31:41,67,67
2012-05-25T06:52:09,1449,2758
2014-03-17T22:18:03,131,4429
2016-07-09T02:34:51,1876,8099
2010-06-20T20:50:55,2034,3887
2008-08-03T21:50:26,112,332
2007-08-30T02:52:24,66,66
2013-12-01T09:30:11,2740,5256
2012-08-17T18:14:31,2241,7122
2007-09-19T23:02:12,162,247
2007-08-07T17:47:48,63,63
2016-04-12T05:58:37,5065,9791
2014-12-23T19:22:38,316,9719
2015-11-09T05:16:12,3073,5912
2012-05-07T07:06:37,205,7126
2011-06-21T14:11:26,829,5165
2008-03-28T19:50:36,15,15
2012-11-05T10:01:14,2694,5176
2015-08-26T10:25:42,226,379
2015-01-24T02:02:02,1812,9397
2015-08-29T08:33:31,1026,1927
2007-10-22T17:55:21,168,270
2009-02-06T20:21:00,382,1841
2017-04-24T03:21:02,6019,11646
2016-11-17T12:27:12,2541,4870
2010-09-03T22:21:24,1019,1920
2008-02-29T14:09:27,153,238
2007-10-21T02:41:47,149,217
2014-08-24T07:25:15,3162,6086
2010-02-12T23:02:03,96,2536
2010-05-23T23:25:27,345,1213
2011-06-10T15:37:42,775,1438
2008-12-05T20:42:42,84,608
2016-09-26T17:39:55,4294,8289
2009-07-13T13:58:36,1068,2020
2010-03-17T00:24:40,2115,4053
2012-11-07T19:32:11,4060,7834
2010-11-09T00:00:42,1931,3682
2011-08-05T21:29:21,678,1256
2008-07-06T00:28:26,241,918
2008-02-14T09:41:21,124,175
2015-06-17T17:04:16,957,11174
2015-08-12T19:22:41,1583,3011
2016-10-04T11:21:07,5209,10071
2007-07-16T18:37:49,52,52
2015-06-10T16:48:01,787,10124
2009-04-01T09:09:06,186,618
2017-01-02T12:25:39,4227,10617
2010-10-04T17:08:27,49,2578
2010-11-02T03:38:19,2445,5024
2016-12-21T19:16:31,625,1625
2008-06-18T21:46:43,378,894
2011-05-21T02:18:33,591,1084
2016-12-22T15:19:24,961,10765
2013-12-08T01:09:12,1643,3122
2011-10-23T11:10:23,227,1144
2009-05-21T14:19:47,728,1487
2007-12-03T04:38:05,244,505
2008-02-25T20:28:24,487,878
2014-11-24T09:11:19,1609,3071
2016-07-25T12:57:53,1590,12062
2011-06-04T16:50:47,450,2814
2010-11-28T06:22:35,1997,3816
2008-01-29T00:31:59,42,393
2008-08-11T01:02:30,139,714
2007-08-11T01:28:34,57,57
2015-12-26T10:54:50,6424,12425
2013-01-01T22:09:45,342,2009
2010-04-05T10:38:21,697,4105
2014-10-30T00:39:04,3108,5981
2009-08-21T20:47:02,12,152
2014-08-09T19:56:04,672,5694
2013-07-30T10:33:01,1277,6981
2010-10-24T19:45:53,1777,3392
2011-06-15T23:39:54,1241,2346
2014-12-26T21:24:52,333,1033
2012-09-23T02:48:35,731,1360
2009-09-17T17:16:36,586,1079
2014-09-19T08:42:38,886,7746
2010-01-11T02:41:51,345,600
2015-12-27T19:29:15,5023,9698
2012-10-29T18:44:08,1962,3747
2010-04-09T20:01:03,1793,3425
2012-03-19T20:16:43,1399,3380
2010-03-12T22:21:31,364,1981
2011-06-30T04:38:28,837,4247
2013-06-16T13:42:26,1475,3799
2009-06-01T03:46:51,1355,2608
2008-11-18T04:47:19,666,1418
2014-01-23T04:52:08,408,731
2015-07-19T15:37:51,1915,11396
2011-04-27T13:05:06,2292,4400
2016-12-03T22:02:23,4565,8815
2011-01-31T03:25:46,553,1863
2016-01-21T22:48:17,2701,8377
2011-03-24T04:28:25,97,2466
2009-08-21T20:22:31,1168,2913
2008-10-11T20:40:06,169,271
2010-12-16T02:34:03,1567,2978
2009-05-12T17:34:06,474,2353
2011-06-18T12:05:28,2885,5537
2017-01-23T12:47:44,7175,13890
2015-12-09T11:58:19,3397,6542
2010-07-21T02:04:37,56,56
2009-09-23T08:41:02,1503,2863
2007-10-05T22:28:47,167,252
2011-10-01T19:47:20,673,1251
2010-01-29T13:09:11,547,3370
2011-12-25T04:57:34,2771,5321
2013-07-23T10:01:25,2766,7571
2009-07-23T00:03:04,1368,2592
2008-07-02T20:15:36,447,804
2011-08-20T18:08:26,3164,6088
2012-01-30T14:08:35,1482,2825
2010-08-26T17:54:48,1334,3940
2014-09-19T11:37:38,4329,8358
2015-12-19T10:22:02,5102,9862
2015-04-19T20:17:56,2037,3890
2013-05-20T23:21:01,817,4182
2013-09-26T21:17:54,1348,2555
2016-09-10T15:05:11,4897,11636
2007-12-27T20:24:35,58,121
2015-05-04T20:26:05,2288,6879
2009-11-07T15:22:54,1596,3384
2012-02-04T20:59:02,1021,1922
2015-01-09T02:15:40,395,5413
2015-03-25T01:08:44,2425,4652
2014-09-25T11:00:24,2166,6149
2014-10-28T10:26:40,5444,10527
2015-09-11T12:06:40,499,8096
2015-03-01T11:56:59,4981,9622
2013-10-05T03:38:40,905,1903
2012-03-24T14:58:06,795,1475
2010-08-04T03:40:31,757,1403
2017-01-28T08:21:57,5087,9830
2011-02-28T17:04:57,2267,4341
2011-07-23T17:49:08,209,3648
2014-08-26T02:14:03,1413,3965
2012-11-24T13:14:37,399,1351
2009-01-06T03:12:27,203,644
2016-10-26T11:28:35,3786,7305
2011-03-04T10:18:24,1502,2862
2012-06-04T10:49:18,3048,5870
2010-09-27T18:21:03,1103,2072
2017-05-04T02:27:37,7240,14006
2016-10-07T18:54:32,3501,6748
2012-10-01T00:09:43,1943,6977
2016-07-01T20:41:58,3307,6903
2017-03-16T04:24:59,6842,13234
2017-05-10T12:45:25,2664,6671
2011-05-16T12:53:23,677,3233
2011-03-06T14:35:19,1771,3386
2011-08-08T22:40:02,2241,4298
2014-04-13T07:20:06,363,6701
2016-11-23T18:25:00,304,12470
2015-03-29T15:06:43,2690,5172
2015-08-22T21:53:04,28,28
2011-10-30T21:54:37,2895,5564
2016-12-10T04:02:00,4724,10031
2016-02-19T21:17:04,389,695
2007-12-19T16:24:33,141,209
2016-05-02T13:16:36,1068,6461
2016-04-02T12:53:43,5332,10828
2014-06-12T07:56:15,3814,7350
2013-02-23T13:46:05,1824,4399
2009-04-09T22:20:48,883,1648
2013-07-26T22:05:34,2495,5519
2013-01-27T03:44:06,8,3160
2015-05-08T09:51:36,2162,5539
2017-05-11T06:33:35,6954,14299
2014-02-10T11:36:06,1830,5025
2014-11-01T14:36:16,596,7886
2011-04-21T06:44:51,247,417
2016-12-21T05:21:21,5240,10119
2011-11-21T22:32:49,255,425
2010-08-15T02:55:27,972,1822
2012-09-16T21:13:37,393,2716
2010-04-17T02:48:45,186,3441
2009-10-04T15:54:22,421,1177
2011-01-01T03:55:21,2088,4109
2015-01-17T00:22:42,1594,3039
2009-10-07T11:47:49,605,3408
2014-10-16T09:39:48,1245,7717
2010-02-04T21:27:42,1762,3360
2016-09-03T16:48:45,1920,3834
2015-07-10T04:24:09,1959,6031
2009-03-25T21:49:45,884,1649
2016-06-09T12:42:28,289,493
2016-07-25T09:36:30,4606,8890
2011-10-31T04:44:45,1174,2211
2007-07-16T07:33:04,26,26
2017-04-26T08:56:59,251,1459
2012-12-08T23:02:07,3074,5913
2010-03-01T02:32:53,293,497
2012-06-19T17:37:03,79,162
2016-11-08T10:41:14,4562,8812
2013-10-22T05:20:02,1734,3315
2015-05-18T21:00:12,937,1753
2016-06-18T06:39:01,6645,12850
2012-05-23T08:12:05,562,5440
2014-06-26T19:34:34,2788,5355
2008-12-18T13:28:13,144,1584
2017-01-16T10:09:26,1758,3356
2015-05-09T17:07:59,4541,8757
2009-04-21T01:10:00,37,441
2015-01-29T11:17:51,3675,7075
2014-01-23T11:42:21,2315,4440
2014-05-31T08:46:34,3758,7243
2011-12-13T05:04:57,293,6112
2012-08-16T04:48:21,914,1713
2008-08-02T13:14:55,187,471
2017-01-19T13:36:10,3403,6548
2015-12-12T10:08:57,2639,5070
2013-09-23T15:46:48,731,8478
2014-08-07T13:47:41,4187,8773
2016-10-09T13:57:55,6963,13474
2008-09-24T01:33:29,153,1200
2009-07-10T14:39:01,184,1835
2012-07-04T21:06:40,1647,4119
2016-09-23T04:29:30,3020,5808
2008-07-26T01:15:49,666,1276
2008-05-25T19:53:44,180,282
2008-06-11T06:57:25,744,1390
2008-10-19T23:10:02,451,808
2012-02-14T12:07:42,637,2508
2011-07-25T04:08:53,3140,6047
2017-03-08T19:05:10,287,7924
2008-09-01T14:11:29,172,470
2012-04-29T10:04:32,702,1297
2014-08-31T23:06:08,2562,5340
2014-02-25T05:12:59,1757,3614
2009-07-07T23:07:13,350,784
2013-03-21T08:26:10,1291,4078
2012-05-21T08:54:34,2604,5001
2016-10-16T02:09:47,3674,7074
2015-02-18T02:20:23,5083,9826
2016-04-11T15:56:56,5921,11446
2007-07-17T01:24:40,35,35
2015-07-19T14:16:33,409,4188
2015-03-08T20:21:36,4234,8161
2017-07-07T07:33:34,1939,3707
2011-05-01T15:01:51,51,1526
2013-12-01T21:59:43,2737,5253
2014-09-01T21:30:28,2171,10097
2013-03-23T03:58:12,843,1574
2013-03-27T14:01:26,175,277
2016-09-27T22:03:51,301,1272
2014-04-08T14:13:05,1920,7368
2014-05-12T22:49:40,1165,2996
2012-04-15T14:45:15,728,2085
2013-07-20T06:13:35,1001,8871
2009-11-01T10:58:28,742,2224
2011-07-10T23:15:17,1129,5168
2016-04-11T19:47:50,844,2498
2016-12-26T12:52:25,2034,4633
2010-06-04T17:34:03,19,19
2007-11-03T21:47:38,285,489
2015-07-19T05:20:43,3142,6134
2016-06-29T16:55:26,3075,5914
2017-01-17T23:08:52,2437,9496
2015-01-07T23:04:59,72,1618
2016-01-14T01:24:36,3366,6477
2017-06-05T09:25:38,3665,7065
2011-12-07T16:49:12,94,155
2014-12-30T09:50:01,1057,4854
2008-07-12T01:02:09,24,467
2009-04-25T10:11:49,639,1183
2011-03-14T04:09:05,471,3230
2015-11-24T07:52:41,1358,6146
2016-12-02T00:40:38,6614,13253
2015-08-24T11:22:20,4330,8359
2014-08-04T15:26:38,747,8805
2016-12-20T15:20:27,650,1525
2016-06-01T18:51:41,6056,11717
2012-02-05T22:43:57,2954,6183
2010-06-11T03:42:40,1572,3928
2015-07-02T11:13:54,2426,8659
2014-05-21T02:52:12,4878,9417
2009-07-22T18:00:13,416,739
2010-02-07T00:37:31,691,1286
2010-01-08T13:01:05,1662,3175
2012-03-12T12:51:21,541,983
2012-04-06T12:42:45,1001,2502
2016-02-29T04:30:18,104,6079
2015-03-30T23:53:19,3047,5852
2016-08-27T06:00:06,1963,9568
2011-08-22T00:44:32,2838,5456
2014-12-03T18:16:13,781,5414
2009-03-18T07:51:49,453,810
2015-05-26T02:45:45,1673,4529
2014-05-06T23:26:14,3612,6961
2014-01-08T10:47:42,3679,7096
2011-03-10T10:44:41,2428,4655
2011-01-13T18:37:02,2374,4550
2014-09-26T19:39:07,2404,4614
2008-01-04T15:21:51,400,706
2009-11-15T02:18:20,552,1011
2007-08-22T13:39:30,41,41
2008-02-29T02:43:43,378,667
2014-09-09T09:56:25,1224,7511
2011-09-03T10:42:26,2430,5018
2008-09-18T16:45:34,176,404
2011-06-23T18:58:12,415,738
2014-04-24T06:02:00,1376,6874
2016-01-06T13:01:58,6418,12419
2010-07-14T01:42:59,1520,2897
2014-12-30T03:18:22,80,7855
2011-06-24T04:17:50,135,1241
2009-06-19T21:21:50,817,2012
2014-06-23T19:55:03,263,450
2012-12-26T20:13:15,103,3894
2011-02-20T13:33:04,2185,4191
2010-10-06T02:41:14,2480,4758
2012-12-01T06:42:46,3764,7249
2016-03-07T20:19:30,3867,7454
2015-05-29T06:22:18,1275,5643
2011-09-06T13:43:05,2742,5275
2007-11-20T11:51:41,46,298
2011-01-11T04:10:19,1418,2693
2007-09-13T05:13:05,14,150
2007-12-15T20:08:26,258,445
2011-01-08T17:42:54,978,2470
2015-10-17T14:33:24,830,1544
2008-11-22T12:34:40,969,2078
2016-09-10T14:52:10,6120,11832
2009-08-17T00:00:11,701,1552
2011-10-26T21:27:46,1405,2663
2015-04-08T02:51:53,3476,6689
2015-04-03T12:43:11,4578,8845
2011-11-24T09:39:22,1095,6393
2016-02-14T19:11:16,4019,12504
2013-11-15T14:13:25,243,413
2009-08-17T05:01:30,110,929
2015-06-19T21:59:30,4818,9955
2015-11-26T19:29:28,3439,7958
2007-10-12T16:47:21,33,33
2011-04-30T07:39:51,1522,3057
2015-05-16T13:48:13,3119,5992
2016-01-07T23:35:33,416,3487
2016-04-20T11:20:06,5196,10041
2012-07-17T22:01:19,269,2462
2016-10-25T01:13:55,2301,4409
2012-12-08T11:36:15,248,1666
2011-09-17T17:05:59,2908,5594
2012-05-29T15:47:58,922,3832
2010-05-06T16:55:42,1977,3779
2010-02-22T04:18:57,1411,2686
2016-02-28T08:38:05,5718,11056
2008-04-17T08:16:31,365,637
2010-06-12T16:38:36,257,427
2017-03-28T16:19:31,7350,14235
2012-10-12T06:12:49,62,62
2011-12-23T09:09:21,1271,4285
2014-11-21T19:46:35,1719,3283
2016-05-03T20:06:45,592,4744
2013-10-22T08:29:40,336,591
2010-07-13T08:06:56,1873,3573
2017-04-20T18:12:07,24,1341
2017-06-02T08:57:39,804,7255
2008-04-12T23:55:00,172,329
2011-06-02T02:18:28,770,5238
2014-11-12T01:06:19,59,3524
2013-06-07T15:05:08,3410,6572
2008-01-14T16:16:25,339,594
2011-12-21T18:40:01,1484,2827
2009-02-05T20:54:38,1,183
2012-12-15T03:22:31,1848,4674
2016-07-23T15:14:53,3944,8381
2016-09-03T21:57:09,1142,3228
2012-02-06T20:48:43,3401,6546
2015-09-03T04:57:34,3361,6472
2013-07-10T12:24:34,2021,3857
2013-08-17T10:11:19,178,8767
2013-09-17T08:45:53,3051,5873
2016-10-12T13:04:46,5473,10573
2013-03-21T20:24:03,1185,8585
2012-02-08T22:17:00,2889,5558
2009-02-09T09:40:36,844,1575
2016-02-26T21:17:39,676,8171
2013-01-18T03:41:14,426,4469
2014-01-14T02:51:21,207,8316
2009-02-21T13:25:23,165,250
2009-08-28T12:34:58,402,1489
2014-08-14T01:46:36,314,2883
2012-08-06T06:59:23,872,3442
2008-02-25T21:59:00,111,145
2009-02-14T08:53:52,259,1174
2010-08-31T21:02:43,1439,2731
2013-12-25T05:07:58,3070,8417
2008-03-16T10:03:51,190,309
2010-01-17T23:23:03,831,3549
2014-06-29T12:15:21,2911,5597
2010-03-16T17:00:00,234,387
2011-09-21T02:22:15,470,2951
2008-11-29T23:22:49,479,870
2008-12-07T12:29:14,442,799
2012-09-27T07:50:57,1095,6311
2016-03-08T16:18:02,4924,9514
2016-08-24T23:42:21,3102,9749
2009-04-11T09:04:24,175,2601
2012-08-01T04:26:12,3182,6123
2013-08-10T06:21:43,3305,7533
2010-09-30T17:42:01,274,778
2015-10-07T16:41:17,163,248
2016-11-08T19:29:10,1428,7013
2013-06-28T15:25:29,2558,4904
2008-07-28T02:40:35,385,1585
2008-08-22T19:29:45,110,1387
2009-06-23T14:23:14,347,1164
2012-05-09T08:50:35,921,4915
2009-08-13T14:47:25,553,1012
2013-08-01T21:49:15,555,1014
2011-02-18T22:08:32,2772,5322
2016-02-10T05:38:50,4976,10766
2015-04-17T22:00:36,408,1030
2015-05-01T01:42:01,729,1358
2013-09-30T07:50:32,3843,7413
2009-05-19T22:26:51,560,2571
2017-01-31T07:42:48,5286,10300
2017-02-28T13:34:52,2131,4086
2010-09-03T11:23:43,700,1295
2016-02-17T20:12:10,469,8866
2011-02-07T17:22:40,1692,3222
2014-03-10T15:19:09,1434,3650
2015-02-19T22:31:59,636,7791
2009-01-07T06:25:11,471,845
2017-02-17T06:33:12,112,1132
2014-07-17T00:26:57,2370,4546
2014-02-07T07:41:31,769,1800
2008-03-12T03:58:12,535,977
2010-05-25T06:45:19,960,3131
2012-11-16T03:58:16,1214,6145
2017-01-03T09:00:27,6289,12171
2013-11-21T09:36:14,2247,7015
2011-08-09T12:39:49,2546,4892
2013-01-09T20:53:35,1393,2651
2009-04-15T17:31:23,1053,2598
2015-12-11T03:30:33,1096,2146
2017-05-22T16:57:11,1142,9708
2010-07-25T12:02:14,46,1870
2015-03-10T03:32:40,568,1163
2016-06-11T13:01:55,2663,6806
2014-01-05T07:44:37,1890,5160
2012-08-31T02:33:41,3025,5813
2012-11-24T04:08:23,495,1593
2012-03-06T02:43:48,2075,3962
2010-12-10T20:11:43,819,1533
2014-08-11T07:50:26,1015,3452
2007-09-24T05:11:39,113,224
2012-08-01T01:40:23,390,1060
2010-10-27T09:55:21,2538,4867
2011-04-08T00:40:16,765,1428
2014-07-05T09:32:28,2734,5250
2014-08-22T07:11:15,5499,10633
2015-08-04T07:54:25,6185,11965
2008-01-09T13:46:01,372,661
2017-03-06T12:51:00,5387,10402
2011-11-15T06:52:14,1430,2722
2013-07-25T17:12:39,4425,8539
2015-08-06T08:25:41,1358,2881
2015-03-05T16:24:11,2121,5793
2016-02-23T16:12:21,4462,8610
2013-05-18T15:03:09,2461,6973
2011-01-14T13:36:36,1411,4187
2011-01-02T17:19:38,1557,2968
2015-09-12T16:38:04,3022,5810
2017-03-05T12:30:37,469,843
2013-12-10T03:39:43,3211,6186
2009-05-05T21:45:58,1235,2340
2014-07-22T02:55:38,4884,9440
2011-10-05T22:18:01,1172,4740
2013-06-06T21:06:15,815,1512
2016-04-28T12:40:19,951,8283
2016-03-28T09:05:45,2916,5602
2009-05-19T11:31:07,721,1528
2014-11-15T12:19:38,2877,7369
2008-04-24T12:20:26,303,1059
2011-07-18T22:21:16,2423,4650
2008-04-01T12:50:29,326,564
2012-02-15T19:01:49,396,4035
2009-03-11T08:53:24,158,243
2016-06-24T13:13:15,642,1186
2007-11-15T09:34:16,267,454
2014-10-14T05:03:33,2961,5698
2010-05-18T03:04:48,227,794
2017-05-03T05:18:04,7512,14550
2008-08-05T18:58:48,313,933
2014-01-12T18:05:39,230,1096
2011-10-06T23:33:51,598,5624
2009-06-03T07:15:28,587,1522
2013-01-03T07:14:33,450,3789
2007-09-16T07:54:33,70,70
2009-01-19T01:21:28,515,940
2011-10-31T10:23:27,2150,4122
2008-09-29T12:11:59,478,1136
2010-09-17T20:52:53,399,3063
2012-05-05T16:47:25,3390,6535
2013-02-28T16:36:31,3254,6263
2017-06-03T08:38:21,4610,8894
2010-05-13T12:11:18,472,846
2011-12-05T19:40:59,1592,3037
2008-05-13T13:39:38,612,1122
2013-01-16T04:45:37,1697,6629
2017-05-24T15:55:49,1246,3236
2015-04-08T13:14:58,2139,5448
2007-07-25T15:48:26,39,39
2009-09-04T08:36:53,600,1110
2011-09-08T00:56:21,1006,2148
2012-05-31T22:03:03,2213,4236
2013-10-22T17:19:44,4879,9418
2013-01-24T11:49:39,1445,5515
2017-05-25T14:35:55,100,919
2012-05-30T12:07:40,388,694
2008-09-02T07:52:42,123,269
2016-12-26T22:40:46,5612,10848
2011-09-20T13:57:49,2211,4234
2016-01-12T09:42:58,3969,7658
2012-03-13T15:31:40,2705,5187
2015-06-09T18:31:27,728,4883
2015-06-21T15:07:28,5904,11412
2012-06-10T17:48:05,1855,3538
2017-02-19T06:52:02,2323,4448
2014-02-15T11:59:56,2199,4205
2008-08-18T19:32:06,816,1530
2010-03-02T22:10:36,222,375
2013-01-21T03:46:38,1607,3052
2014-12-04T06:59:25,2699,5181
2010-10-25T20:07:14,730,2751
2012-02-13T07:27:12,2492,5690
2010-08-18T20:46:03,267,1411
2013-01-10T21:51:24,161,5819
2015-07-31T03:33:41,803,9434
2011-12-14T05:28:22,1325,4292
2014-12-12T15:32:31,2304,4412
2015-12-30T03:49:52,1797,3429
2010-11-14T16:20:17,703,4149
2008-10-06T06:43:41,296,791
2009-09-08T00:13:50,1530,2907
2014-11-06T10:12:05,4947,9554
2014-11-18T15:45:30,1802,4072
2009-12-06T03:48:26,1604,3095
2009-04-03T09:12:47,761,1407
2008-10-09T04:20:35,361,1269
2015-06-04T17:37:07,1014,4910
2016-10-15T05:05:49,4416,8530
2014-04-27T11:26:07,605,1115
2016-07-02T21:18:56,578,12091
2010-12-23T19:57:27,901,2217
2008-10-22T22:53:11,133,201
2013-05-01T23:44:01,297,518
2015-12-03T02:56:21,6515,12601
2010-03-09T07:17:31,917,1716
2013-11-10T14:38:12,2273,9228
2010-03-16T18:13:30,903,2539
2017-05-04T20:15:11,4392,10024
2009-02-22T23:22:45,808,1505
2012-08-01T06:55:03,2977,6203
2015-11-17T04:01:52,24,572
2017-05-21T05:55:03,7587,14693
2015-01-16T06:55:26,1158,2195
2013-07-02T13:36:20,3096,5952
2010-07-11T21:30:00,760,1406
2014-01-15T21:12:18,1132,2135
2008-09-18T10:57:56,278,1703
2010-01-25T18:58:29,1540,2934
2014-09-18T17:47:58,1264,6074
2016-03-12T18:14:33,3339,6433
2009-08-22T01:12:53,259,604
2010-11-30T07:47:42,641,2264
2008-03-23T20:55:38,3,93
2012-03-18T10:17:09,617,1205
2009-08-05T22:32:23,555,2949
2014-05-02T04:38:52,305,822
2008-12-25T18:04:51,511,995
2015-10-03T11:05:40,6125,11837
2009-03-05T21:27:36,1298,2454
2010-05-27T00:30:13,1836,3502
2014-06-23T01:36:03,4128,7970
2013-01-19T17:31:07,2566,5449
2010-07-07T15:34:13,294,3445
2011-09-10T20:39:58,1943,3711
2015-01-14T18:14:32,1124,2844
2010-10-26T16:54:14,2167,4156
2009-03-06T14:04:41,452,809
2014-01-23T00:35:14,2470,7296
2015-06-08T16:59:06,5529,10680
2013-02-14T05:22:32,1210,4174
2012-01-16T23:30:08,468,842
2016-03-26T23:08:15,5403,10435
2013-10-14T19:27:44,2476,4951
2007-08-05T00:23:31,18,18
2015-10-24T22:42:32,5964,11540
2016-12-26T07:28:53,990,2193
2013-06-16T08:31:21,3288,6979
2013-12-23T21:12:37,2964,5701
2015-05-15T09:56:54,5121,9898
2007-07-16T11:59:43,9,9
2010-09-22T10:16:17,1247,2352
2012-01-24T02:19:04,99,547
2011-06-30T15:07:21,1353,2560
2011-11-30T02:55:32,1975,5343
2010-02-17T12:49:29,1311,2484
2010-02-22T22:40:20,958,3936
2016-06-05T22:09:37,6913,13373
2010-06-14T07:18:49,1075,2226
2015-04-18T14:41:58,788,1468
2008-11-08T02:58:44,1061,1996
2013-04-13T18:20:46,1415,2690
2012-08-06T08:59:21,1663,5576
2015-11-25T08:22:42,1754,3352
2012-10-17T20:36:34,1557,3893
2010-11-05T00:07:11,1192,3727
2016-12-01T08:36:00,4031,7771
2014-03-29T20:12:32,2637,9710
2009-08-03T08:27:02,1615,3077
2008-03-25T03:41:12,276,988
2015-05-01T13:19:21,630,1157
2014-07-16T13:30:01,457,2228
2013-04-04T04:54:30,701,1490
2008-04-09T08:14:40,512,937
2011-03-07T23:22:21,1586,3014
2015-08-22T03:25:28,5064,9790
2010-11-18T07:19:33,1054,4530
2012-06-23T20:24:59,2751,5284
2007-08-29T08:27:49,85,102
2014-10-03T09:36:10,3810,7346
2017-06-20T19:47:28,3513,6760
2011-10-20T12:50:57,402,1305
2016-10-19T14:35:18,1933,8906
2011-07-30T05:08:08,496,4991
2010-04-25T07:04:32,610,1120
2014-06-07T23:20:04,2452,4992
2009-10-25T21:33:15,1761,3359
2012-01-07T12:49:43,69,156
2016-03-20T04:11:52,2187,4193
2013-08-05T05:24:04,3613,6962
2012-04-03T23:00:48,274,461
2015-07-20T00:49:01,645,3161
2013-04-26T08:09:16,1089,2258
2011-12-11T03:25:09,1671,4103
2011-03-30T21:33:42,593,1086
2015-08-02T14:58:41,4046,7803
2008-05-07T10:23:41,275,1070
2016-11-15T14:55:43,27,5301
2011-04-24T13:33:02,713,4594
2008-02-04T00:55:47,196,750
2011-04-08T06:16:15,2758,5291
2012-12-13T21:57:34,351,3138
2013-01-06T19:19:10,1771,6814
2009-03-07T11:37:29,1279,2418
2011-11-15T19:52:31,2278,4369
2015-09-04T16:18:17,2289,4380
2011-03-13T21:35:34,926,3100
2015-10-20T20:22:10,1657,3153
2017-03-14T20:48:40,7259,14042
2010-04-29T05:54:14,766,2717
2010-06-09T10:38:21,687,3906
2011-02-10T03:15:06,389,4319
2016-04-05T16:07:58,2151,4291
2015-12-23T05:15:47,911,8558
2012-08-10T21:58:34,2147,4102
2013-09-17T06:37:48,2866,5501
2016-01-15T11:21:37,4056,7830
2013-04-22T04:30:46,863,4110
2009-03-21T01:00:35,17,1384
2009-12-03T18:32:50,209,712
2012-08-15T18:07:31,2276,5963
2008-10-31T11:42:43,984,1851
2014-05-07T23:56:07,3256,8247
2009-12-10T06:37:56,1333,3521
2013-02-03T19:40:15,3783,7285
2013-07-18T11:43:29,164,367
2013-05-29T22:20:41,976,1943
2015-02-16T12:22:12,4579,8846
2014-03-03T11:36:03,4694,9063
2016-03-15T09:43:23,5562,11991
2009-07-04T20:54:15,424,764
2011-09-12T01:15:30,629,1971
2008-09-14T03:35:11,476,867
2013-05-24T06:24:22,523,1737
2008-05-03T01:13:24,6,1067
2015-09-16T19:49:22,492,1484
2015-03-01T18:25:26,694,1289
2012-03-26T01:14:55,445,802
2009-12-15T12:54:04,906,3089
2009-01-08T08:00:30,207,957
2013-04-21T22:51:51,2602,7711
2013-03-15T15:15:29,4345,8391
2009-03-19T19:44:47,258,1278
2010-04-17T20:24:36,767,2886
2010-10-07T07:43:38,599,2260
2013-06-17T08:31:50,3598,6930
2008-12-13T17:31:55,404,727
2013-05-31T17:18:19,0,2471
2011-09-28T10:55:08,1187,2684
2008-06-16T20:19:28,136,204
2011-03-24T12:45:41,118,169
2011-07-28T06:25:55,930,1746
2011-05-28T14:05:47,2075,4154
2009-11-14T00:14:42,933,1749
2012-06-16T18:35:05,25,1478
2015-05-03T05:11:17,4496,10649
2010-04-20T09:10:21,2052,3922
2010-06-08T05:51:00,1570,2981
2012-01-14T22:32:15,3259,6268
2014-05-02T20:15:08,1623,4778
2011-07-05T02:13:50,2376,4552
2007-07-24T04:47:54,65,65
2017-04-06T13:44:01,6122,14221
2009-03-30T13:51:35,629,1806
2011-09-27T05:33:01,130,1347
2012-01-06T22:54:16,929,1745
2011-11-26T16:17:03,2502,5233
2015-07-04T01:06:31,2322,4447
2015-12-06T11:52:26,298,519
2015-10-11T13:46:00,2490,4785
2011-08-28T01:00:07,481,1135
2009-02-18T16:43:08,164,723
2014-12-21T00:35:47,3618,7295
2011-01-24T17:27:50,943,3300
2013-01-07T16:09:18,435,3835
2015-03-01T11:39:01,238,1520
2010-04-02T05:45:04,232,385
2009-12-29T21:46:38,292,496
2008-12-16T22:11:45,940,1756
2013-09-08T18:47:26,4047,8174
2016-10-06T14:46:30,3597,6929
2015-11-17T18:59:50,1849,10373
2009-02-12T00:45:55,1246,2351
2010-09-03T15:20:23,1386,2627
2017-06-06T12:15:27,6838,13230
2008-07-16T17:38:17,827,1541
2010-06-01T04:51:44,1322,2512
2011-07-06T04:25:54,1433,2725
2012-05-03T07:58:17,535,1696
2012-10-16T20:53:28,1917,3668
2011-02-20T03:20:57,1658,3154
2014-03-02T18:16:19,768,1586
2014-11-17T10:30:59,4378,8441
2015-10-18T22:11:41,2353,6805
2015-04-04T01:01:08,4291,11328
2017-02-11T13:27:23,786,11352
2016-01-22T13:17:46,2307,5689
2012-07-02T18:15:52,3150,6057
2008-06-07T18:39:59,65,409
2014-02-26T11:15:49,721,1333
2016-06-20T23:11:17,2096,11845
2009-10-10T09:45:51,618,1145
2013-05-25T19:14:08,2468,4729
2013-11-02T07:10:11,2314,4439
2014-04-23T15:10:02,3965,7637
2010-01-01T18:53:50,1015,1916
2009-06-02T20:45:46,107,226
2015-09-26T20:30:16,2845,5463
2007-12-27T09:07:34,204,709
2008-12-08T11:06:40,584,1077
2011-07-20T09:59:06,38,38
2013-02-17T08:04:21,539,3273
2015-11-18T05:39:49,3373,6501
2008-08-13T14:56:23,413,736
2014-08-18T02:55:57,1291,2988
2010-02-20T23:31:25,1287,2443
2007-07-31T20:48:11,16,16
2013-11-12T18:05:01,314,552
2012-10-09T16:14:22,875,1640
2017-04-22T20:10:02,3335,6412
2011-08-12T15:17:09,1030,1931
2008-05-05T12:54:24,108,142
2011-06-12T04:28:46,813,2073
2011-03-01T01:48:02,186,1143
2013-05-03T14:27:17,3727,7178
2014-09-13T15:54:44,3135,10801
2009-07-22T10:07:13,93,1878
2013-02-22T20:45:14,2093,3997
2010-10-17T14:00:08,30,615
2017-04-03T19:03:34,6981,13509
2014-03-04T07:48:04,1953,4523
2007-07-15T18:28:19,43,43
2009-03-29T18:46:23,1294,2450
2013-02-26T23:42:45,260,6673
2011-10-29T13:08:17,322,560
2016-11-25T20:33:13,86,8981
2012-01-13T10:44:34,349,2054
2008-08-25T14:24:34,161,246
2016-08-30T12:45:52,6566,12703
2012-09-14T09:26:16,1159,2196
2012-08-27T11:05:07,578,5339
2017-04-13T04:17:34,192,8039
2014-12-30T19:25:16,428,2644
2007-10-30T18:52:42,195,314
2011-04-14T12:39:00,1257,4290
2015-12-24T17:56:30,3968,7657
2008-11-23T16:48:37,1060,1995
2014-04-24T14:32:31,2475,9325
2010-12-29T11:06:12,104,1247
2011-07-26T05:52:56,120,1491
2017-03-02T03:01:17,3789,7308
2010-06-16T12:18:09,66,230
2013-01-02T12:18:19,2009,3845
2012-11-15T20:08:13,3224,6199
2013-03-29T14:29:07,1481,4068
2013-11-25T04:57:52,3135,6025
2009-10-16T05:10:26,1612,3074
2014-07-10T04:45:33,1432,3829
2008-09-30T09:12:27,474,865
2008-01-11T02:19:37,43,157
2007-11-26T20:17:04,227,380
2008-07-15T06:52:43,189,372
2016-04-03T05:31:01,461,835
2010-02-01T07:07:21,1824,3788
2016-04-22T15:40:59,4903,9476
2014-06-06T22:00:22,107,754
2014-10-25T03:10:00,76,4838
2009-04-30T20:14:42,1152,2172
2016-03-09T12:36:53,6488,12557
2016-01-19T12:43:41,686,1264
2008-07-20T23:39:50,644,1188
2010-08-15T04:10:45,1897,4079
2012-08-01T04:04:55,116,1038
2014-01-03T20:09:28,2044,3914
2008-09-06T19:00:20,936,1752
2009-11-19T05:36:34,1539,2933
2010-05-05T14:20:33,133,824
2008-12-05T06:53:15,876,1641
2016-05-26T00:42:46,1189,2983
2008-08-16T22:36:28,566,1042
2015-05-14T07:01:01,5581,10783
2007-12-19T22:39:39,73,73
2012-04-24T07:37:31,197,4288
2016-05-15T15:36:08,1344,11496
2010-10-10T17:53:51,355,1982
2011-04-13T21:29:50,444,801
2014-10-31T05:24:28,4710,10060
2015-07-13T20:39:44,465,7336
2010-08-18T08:35:17,431,4005
2009-12-19T15:39:04,1694,3224
