19720401-095146,FIN,1972,2,1972-04-01,1972-04-01,9160908910.87,1496276656.54,1.79,1.57,0.16,200747833.21,440994091868.37,8069460519.25,836733131,955142,713RSWvpXShAohbCnBYubXQUbMLtPavDHUQn
19720402-000957,FIN,1972,2,1972-04-01,1972-04-02,3168845101.89,353570575.61,0.63,0.53,0.11,659944028.56,707036844131.35,6449882633.71,558417673,662230,228pmVFtISJNicSLMLBUTybzczhOfHObPpMYpBqjAaxrDHJ
19720402-110208,FIN,1972,2,1972-04-01,1972-04-02,8339627702.92,5271309903.15,7.00,6.44,0.63,47669776.50,543359214884.74,8389403038.21,753241926,819019,177gDqcCBxupXLOeBnjyoDuJKKpXXazMTBejzLaoxVkzpfVHbeQYNnEL
19720402-154430,FIN,1972,2,1972-04-01,1972-04-02,3029536107.92,1460696130.68,1.94,1.82,0.48,556444712.57,156860330241.26,4764950420.61,752607256,803976,7410000000067
19720402-172238,FIN,1972,2,1972-04-01,1972-04-02,4338478524.24,2287363621.49,6.36,5.89,0.53,58226867.49,419873505760.03,5864991832.01,359746087,388107,825OKehKyGaHgbEeBcBDAnFaXwXmCfzDCIig
19720403-071047,FIN,1972,2,1972-04-01,1972-04-03,6370386787.34,223184169.89,0.43,0.37,0.04,898507603.84,99484628438.63,8814368828.68,518090699,605995,9370000000078
19720403-093239,FIN,1972,2,1972-04-01,1972-04-03,3285051714.35,2050527420.60,2.77,2.64,0.62,980360160.81,971922531000.93,2051840613.50,739607226,777662,4680000000201
19720403-114309,FIN,1972,2,1972-04-01,1972-04-03,991922999.91,128052257.66,0.43,0.38,0.13,185662342.52,492840107368.73,7270537697.39,297028656,335564,382EOMpasJigJVvYQGKVcDPddEniaOUaTojpCAmYQrUeZJEGo
19720403-155140,FIN,1972,2,1972-04-01,1972-04-03,3827956460.35,1906694309.79,1.98,1.72,0.50,122202509.22,305194111422.13,2851741844.12,960742187,1108266,7340000000263
19720404-064107,FIN,1972,2,1972-04-01,1972-04-04,5063494909.69,1883583098.29,2.35,1.97,0.37,642416632.64,826883390909.36,7109827356.84,800235656,957396,783jmClCXBcZwINVyetRxHbWYRbsYBIFkuIGtecXWIN
19720404-071722,FIN,1972,2,1972-04-01,1972-04-04,6893975839.77,3715498889.53,7.49,7.23,0.54,566015562.05,560807773811.27,4350953252.18,495746664,513762,854zSzyZVwpMSypTaf
19720404-190301,FIN,1972,2,1972-04-01,1972-04-04,2434882218.97,742530950.29,2.12,1.91,0.30,453681950.43,909112274837.50,8535934323.93,350995143,389004,4230000000255
19720405-044033,FIN,1972,2,1972-04-01,1972-04-05,7754803761.48,4454016694.88,31.23,28.39,0.57,25251815.75,587828325885.47,5242578250.07,142637470,156903,0160000000007
19720405-062056,FIN,1972,2,1972-04-01,1972-04-05,4659889309.05,2499385328.15,4.75,4.56,0.54,680058973.95,313848101096.19,2454529048.21,526689102,547663,315AYrIhMoBIgUBkRdxKABPjIIShjxFyaWTAsK
19720405-100458,FIN,1972,2,1972-04-01,1972-04-05,1721892025.46,979749094.92,1.21,1.17,0.57,879991917.94,768777559003.59,6272360208.40,808941208,835034,2950000000019
19720405-102128,FIN,1972,2,1972-04-01,1972-04-05,2439730750.06,668984579.71,2.71,2.53,0.27,149362177.90,936471742839.08,4479447669.72,246438006,264926,472WtLJlcZhUpnUJhcOl
19720406-010706,FIN,1972,2,1972-04-01,1972-04-06,6776539227.90,4311824385.91,30.38,25.77,0.64,631877481.56,414669518786.20,9356230648.19,141919548,167296,452OQrOAucqBZdHWTvrsGTQqDUAJesbyHxtJHEzCHKBOOQPPk
19720406-155206,FIN,1972,2,1972-04-01,1972-04-06,8175716516.48,4777448440.06,6.59,5.54,0.58,673654588.22,217541052618.80,9193005438.66,724835537,862246,460RLjhtKlUmfoJhUDVTLrWpRzHYfKThEqzhoWNaWCnyGIpnDFEVgaiwbbY
19720406-214825,FIN,1972,2,1972-04-01,1972-04-06,8280136171.25,1397222184.28,1.89,1.60,0.17,300012804.73,963801693246.02,4628157266.48,738799996,870633,2760000000173
19720407-103228,FIN,1972,2,1972-04-01,1972-04-07,9711408391.21,6068049122.87,14.86,14.17,0.62,196254401.81,24740572363.52,1578465049.41,408218618,428282,006UfSHWSCITBCAOZQunWBPoRwGIRuCUoPSdEQARTADOJmAyACdfM
19720407-110154,FIN,1972,2,1972-04-01,1972-04-07,1838699719.35,1231866781.88,10.98,9.20,0.67,305577712.78,922411820484.03,6954704644.43,112149406,133830,0860000000016
19720407-234355,FIN,1972,2,1972-04-01,1972-04-07,1178943065.95,80107176.51,8.13,7.05,0.07,442893116.75,542910967551.64,9493410771.63,9856546,11362,8250000000266
19720408-064746,FIN,1972,2,1972-04-01,1972-04-08,6302492365.35,1879742629.84,6.76,5.94,0.30,564132622.62,821478606563.65,1334921632.14,277889530,316511,567UXKSWgGTVwuzWNnUV
19720408-165439,FIN,1972,2,1972-04-01,1972-04-08,5975383069.62,3221870027.92,4.22,4.17,0.54,667727839.02,44301070426.18,8070231209.89,764008370,773430,8760000000253
19720408-224634,FIN,1972,2,1972-04-01,1972-04-08,969504894.89,263193556.88,0.33,0.31,0.27,163459875.54,845049478964.06,285427139.84,808158047,840866,3270000000101
19720409-121036,FIN,1972,2,1972-04-01,1972-04-09,6936789616.81,2336223215.88,3.02,2.81,0.34,591734144.79,257518709957.54,3497188465.18,774301008,832875,730NDADqvWeHTUAmUatCSDcHERRuXjpHdzMqjiLgxFOplPZNfETQIO
19720409-182412,FIN,1972,2,1972-04-01,1972-04-09,9325635861.14,3958804382.57,6.75,6.43,0.42,379554853.62,110622589908.38,3910642398.69,586289139,615884,282XcxyxkqjaesCOVlDpRLKOSaaUSDCxuJjG
19720410-094448,FIN,1972,2,1972-04-01,1972-04-10,3160524656.20,1056526849.03,1.38,1.18,0.33,318091191.84,734003241619.41,6750065944.05,763358890,892083,8860000000099
19720410-154127,FIN,1972,2,1972-04-01,1972-04-10,4628683723.26,3053567874.50,5.59,4.90,0.66,301729621.22,259214643252.26,9389582373.82,546550361,622782,5350000000057
19720411-005637,FIN,1972,2,1972-04-01,1972-04-11,3264611754.30,1669825153.07,26.89,26.80,0.51,41188461.28,118338402268.71,5780734552.33,62099671,62297,3290000000107
19720411-102333,FIN,1972,2,1972-04-01,1972-04-11,2729878456.80,35252517.58,0.04,0.03,0.01,706279241.86,987893785342.18,9176959574.22,947742319,1065359,813HazhIGPeCVSzQZwuNFJTfJUbhYdYFIlCd
19720411-155109,FIN,1972,2,1972-04-01,1972-04-11,2630175448.05,302570901.77,1.76,1.70,0.12,790725257.32,930639902242.11,8112557318.68,171520287,178110,226dfFANecQKvrSQgzQKpIQVdGVbtGsTGppLzsrQESzNGrlVGjjGlGEuMtSR
19720411-185900,FIN,1972,2,1972-04-01,1972-04-11,2579381713.53,1229720705.81,2.13,1.89,0.48,865990417.32,649868403447.54,7626464268.51,577551026,649153,886oIQejJbSLBWXaQIsuHTVgYmfsffAYKYVcOoxXezynfpc
19720412-025333,FIN,1972,2,1972-04-01,1972-04-12,3234885651.11,684063928.98,78.33,76.02,0.21,453378033.09,370631725181.52,8424473491.17,8732963,8998,133ONhcAQwlnmqCCWDoczkXiLhbZXsEJrEEXDUBOGQFbkIMJyvn
19720412-025728,FIN,1972,2,1972-04-01,1972-04-12,7274336560.51,802892813.25,2.17,1.83,0.11,772983151.56,862426936716.74,4469040972.98,370133034,438746,918NkpmsBILljFbVIAskKSudkLAIHYbeCnBzSVbIcIypZcePYIXqxdlNs
19720412-154334,FIN,1972,2,1972-04-01,1972-04-12,2944021900.49,842646298.81,0.91,0.81,0.29,90430019.56,269104936761.65,6851324538.18,926074629,1040298,9980000000212
19720413-031906,FIN,1972,2,1972-04-01,1972-04-13,8136689816.38,730183065.11,0.80,0.79,0.09,61545834.65,390246521935.74,6402363876.79,916328099,929549,971FXFYeNQJTmypAWxzHPOBgNFDcXaQQFB
19720413-042623,FIN,1972,2,1972-04-01,1972-04-13,7475083988.64,3979834428.02,5.59,5.51,0.53,914887770.61,28775009701.45,4192387938.67,711751444,722643,5250000000053
19720413-100006,FIN,1972,2,1972-04-01,1972-04-13,9940854640.52,5020707959.08,6.11,5.18,0.51,872041751.25,654324974979.36,6132665546.44,821888150,970035,0740000000273
19720413-163249,FIN,1972,2,1972-04-01,1972-04-13,9581328785.07,649822432.78,4.90,4.11,0.07,488294484.25,873302621584.36,6152510728.64,132638038,158079,3100000000144
19720413-185714,FIN,1972,2,1972-04-01,1972-04-13,2840312027.41,222872208.50,0.31,0.27,0.08,504190896.70,376747292809.40,9188481264.54,713465949,825128,212KoviRxUIRFITXCLew
19720414-090527,FIN,1972,2,1972-04-01,1972-04-14,2177173379.60,582218371.79,0.70,0.67,0.27,43829816.12,585609390844.61,6788321583.36,829695468,871068,9950000000036
19720414-201943,FIN,1972,2,1972-04-01,1972-04-14,2245666599.61,541166067.37,1.21,1.04,0.24,999272320.62,400351453546.14,5967138076.55,448660975,520709,714bqfvTyldyQqhQaQgOFO
19720415-021132,FIN,1972,2,1972-04-01,1972-04-15,4410564142.09,1910116860.13,3.10,3.03,0.43,927636016.09,56394534883.22,514701240.36,616171084,629738,114RIoafLXyzvuVdAypgRHDbVyCNFqJLTgbS
19720415-061817,FIN,1972,2,1972-04-01,1972-04-15,9896538823.12,2408136151.53,23.36,22.59,0.24,800773439.32,918832240380.14,1741080996.63,103103425,106605,5740000000254
19720415-160019,FIN,1972,2,1972-04-01,1972-04-15,8288157708.60,1335693371.01,1.79,1.52,0.16,380036661.33,355769097864.92,3691836009.50,744685895,876546,1550000000164
19720415-175255,FIN,1972,2,1972-04-01,1972-04-15,4067733063.24,1189454016.88,1.75,1.59,0.29,176420058.01,673214570946.02,2355164182.88,681022589,747205,9460000000096
19720415-225439,FIN,1972,2,1972-04-01,1972-04-15,7301956281.17,1236031984.11,4.38,3.72,0.17,397778368.69,842323497431.56,9077146842.11,282306198,332376,578HxzoYsDAKSPENhVFhNKSkKmGIMCcGmnILQJPtbDNGKngRypBIdcTCrF
19720416-002655,FIN,1972,2,1972-04-01,1972-04-16,2660382768.42,119330243.11,0.15,0.14,0.04,178440630.38,325871332540.26,8603686612.06,777465983,824392,6230000000204
19720416-131101,FIN,1972,2,1972-04-01,1972-04-16,1194854482.22,451336576.89,0.81,0.81,0.38,855267821.24,826551455164.19,9767665375.79,553938830,557003,719oHqcAiSKTrHsULLyJUDMmFLLtVnVfUxPcpvknqfqbnhFycoSbFZvePIdV
19720416-211629,FIN,1972,2,1972-04-01,1972-04-16,4712966267.15,3250426246.83,6.36,5.43,0.69,60892673.28,904078390495.96,3118852902.13,511168397,598530,837vnbESGDLPDBDVwsKNSXPqRYLGXjuxVJrQDsEcEVAYIyXWMFThaGbMIZNd
19720417-064702,FIN,1972,2,1972-04-01,1972-04-17,9323459924.01,4970126309.51,10.03,8.56,0.53,698698254.78,973394000759.87,4878783229.92,495393279,580514,7750000000178
19720417-222846,FIN,1972,2,1972-04-01,1972-04-17,7490190472.77,101620847.87,0.12,0.10,0.01,521090784.86,565113660653.14,8140156453.50,841196251,989436,837XUhuCIMVvmnSqMBPsPTqVPeOhOJjWFWHqbzvsVmNTAFOvA
19720418-105756,FIN,1972,2,1972-04-01,1972-04-18,403625356.09,200898663.28,3.49,3.31,0.50,861821696.99,911545955983.53,5837845287.63,57520878,60643,867YtvHEQBjudJlIIctWcFxmnzyLLXwZIjQbTYYSJjShQPPW
19720418-211839,FIN,1972,2,1972-04-01,1972-04-18,3588168206.92,936347745.80,1.29,1.23,0.26,874512884.85,226656549395.68,4129686681.16,724829526,760390,6770000000225
19720418-222059,FIN,1972,2,1972-04-01,1972-04-18,6065715074.75,3096880455.63,61.89,56.40,0.51,68145102.47,673163090581.47,228406951.98,50039283,54905,8880000000258
19720419-045415,FIN,1972,2,1972-04-01,1972-04-19,7279980912.43,530578020.75,4.15,4.15,0.07,779599866.00,358178879384.95,5123341811.84,127786449,127874,104UKFcnKTFeKKrDiCQaSvHKASfMHqqwaibByIFXMzCNUKdDSAl
19720419-133013,FIN,1972,2,1972-04-01,1972-04-19,1331510231.10,479999260.87,0.54,0.50,0.36,44167598.73,27580750871.04,960380617.48,886643262,962872,0450000000234
19720419-154649,FIN,1972,2,1972-04-01,1972-04-19,2336638390.06,1589091354.00,11.78,10.32,0.68,533305087.66,90175892276.25,3907121828.58,134921156,153912,0280000000045
19720420-065644,FIN,1972,2,1972-04-01,1972-04-20,2186067068.96,623068700.08,0.70,0.66,0.29,832376647.77,577207510742.87,7363216182.45,890666843,941083,847uBBFBUhgSRFtzQIYXtbEFRe
19720420-223105,FIN,1972,2,1972-04-01,1972-04-20,9098146898.13,1669314877.99,3.46,2.92,0.18,92258499.15,18079477149.16,8924965417.32,482280649,572611,6970000000267
19720421-134858,FIN,1972,2,1972-04-01,1972-04-21,8270973889.29,5482185020.16,107.21,100.39,0.66,516874952.01,309914757514.65,2323243578.33,51133547,54611,086LKCNUwwVcHHCDVwSxILaphVOqaSQACIMfdTAl
19720422-002245,FIN,1972,2,1972-04-01,1972-04-22,6876187997.29,555991705.33,3.03,2.65,0.08,335005231.56,877332845098.28,3602633377.15,183371584,210123,656NXYlMCOvkZMdSTGmlcsYmASEslwTXZUhRGxeSFvRN
19720422-014503,FIN,1972,2,1972-04-01,1972-04-22,6365472844.18,2117977148.99,10.31,8.88,0.33,507135187.33,526244991425.74,2048363275.04,205505123,238382,791qNiTaifXkCYIMerIPWjQOUJQOrpXZUVLYpDp
19720422-095516,FIN,1972,2,1972-04-01,1972-04-22,765535391.57,469606696.07,2.37,2.12,0.61,729492660.07,405666052726.77,940389979.55,198324115,221437,9170000000015
19720422-123339,FIN,1972,2,1972-04-01,1972-04-22,8506639139.79,780621345.89,0.80,0.74,0.09,931441781.74,351431588620.74,2757627772.98,980046225,1061095,0470000000208
19720423-024507,FIN,1972,2,1972-04-01,1972-04-23,3053588819.67,1682535246.70,1.80,1.69,0.55,920342637.49,955344358683.13,7106640462.59,932369249,994484,0230000000200
19720423-030440,FIN,1972,2,1972-04-01,1972-04-23,9173078996.24,2058684750.91,7.20,6.75,0.22,960153883.23,662967654842.55,6604291014.87,285914316,305105,150bqxEENiCeuJtRlUKFwhdKteH
19720423-163037,FIN,1972,2,1972-04-01,1972-04-23,5810763600.64,3522424861.19,165.75,152.17,0.61,828811443.10,283467393542.64,6380614655.13,21250886,23148,2100000000250
19720423-194555,FIN,1972,2,1972-04-01,1972-04-23,2518733941.61,338643669.32,0.59,0.58,0.13,95434366.68,445372240864.30,2142405708.69,572748034,582772,8780000000156
19720424-040010,FIN,1972,2,1972-04-01,1972-04-24,8272731435.23,522298986.12,4.42,3.90,0.06,80845926.24,799083382463.84,4583656692.33,118235634,133960,0790000000237
19720424-121159,FIN,1972,2,1972-04-01,1972-04-24,2437596936.03,306257327.52,0.75,0.71,0.13,948053002.74,861664947786.70,2370028568.08,408602134,429327,8840000000167
19720424-155950,FIN,1972,2,1972-04-01,1972-04-24,8700241228.87,5332747310.16,9.89,9.29,0.61,710590526.26,771786792632.37,8136090595.15,539374454,573879,4390000000149
19720424-223655,FIN,1972,2,1972-04-01,1972-04-24,7963860708.73,3360170641.28,5.43,4.54,0.42,77180916.60,717987018407.98,473069822.15,618865129,740615,0270000000064
19720425-103652,FIN,1972,2,1972-04-01,1972-04-25,9048244302.39,1701044058.23,4.83,4.48,0.19,604091868.39,342717482885.28,2929290741.51,351880325,379679,3040000000022
19720426-022003,FIN,1972,2,1972-04-01,1972-04-26,8009998147.67,5042558584.31,16.79,15.91,0.63,456840898.80,475516307266.24,1411815444.03,300419159,316983,753KmmVMAnFFPQmIEPRJFeYqLOdwxWQuDObsQcTKGNrrp
19720426-123745,FIN,1972,2,1972-04-01,1972-04-26,1710854121.48,35430677.46,0.06,0.06,0.02,145031014.77,348978637616.69,7923391208.59,556407899,589877,399PbZdBtNVFkoHUVrXoPHrheGsXLJgIHgHTAbSKZsIPv
19720426-205304,FIN,1972,2,1972-04-01,1972-04-26,4188456173.88,2503120438.11,34.88,30.66,0.60,406646173.71,864235971624.85,4103422249.44,71770958,81643,7270000000274
19720426-212515,FIN,1972,2,1972-04-01,1972-04-26,3101320380.19,1860773963.35,30.16,26.12,0.60,61692643.19,412009544336.42,8913666879.06,61696736,71245,3470000000170
19720426-234214,FIN,1972,2,1972-04-01,1972-04-26,5559709071.61,341324386.73,1.04,0.90,0.06,465062716.55,720077733094.18,3150011883.23,327951233,378980,463PTNTHCLWsriUMNBFhDQDGtmBPPNiLOSaNy
19720427-104316,FIN,1972,2,1972-04-01,1972-04-27,8328184198.88,1582726775.55,17.76,15.88,0.19,753693833.24,809853428213.48,88419801.59,89133167,99692,8840000000118
19720427-185402,FIN,1972,2,1972-04-01,1972-04-27,1359045217.29,11993515.63,0.03,0.02,0.01,247523206.55,695811612675.13,1759764961.73,466819681,503394,2130000000000
19720428-015807,FIN,1972,2,1972-04-01,1972-04-28,7236478464.94,4535004129.80,13.83,11.61,0.63,656970212.33,837515283027.43,3193056701.86,327934530,390451,5290000000034
19720428-064338,FIN,1972,2,1972-04-01,1972-04-28,5096470057.91,2382087766.56,8.74,7.62,0.47,842958930.97,506004710898.92,9032448473.42,272524185,312701,5450000000186
19720428-175156,FIN,1972,2,1972-04-01,1972-04-28,756225738.05,381747674.86,0.48,0.40,0.50,778056497.66,303631176021.27,3129653583.35,799677321,947771,2160000000094
19720429-044204,FIN,1972,2,1972-04-01,1972-04-29,4033061196.25,978685457.05,2.71,2.30,0.24,791504932.32,654099698436.75,7529130446.65,360531793,425127,4480000000059
19720429-145929,FIN,1972,2,1972-04-01,1972-04-29,8599602497.49,5604813782.80,6.44,5.72,0.65,60918355.52,35869563005.26,4797308377.58,869737173,980031,455GZYLRjrimaTBIzBBifAOowqfEgITGEQXq
19720430-015128,FIN,1972,2,1972-04-01,1972-04-30,4471813898.28,1816118611.85,1.90,1.62,0.41,313613032.83,432211084188.55,8156752454.89,953942344,1121429,9700000000030
19720430-043425,FIN,1972,2,1972-04-01,1972-04-30,8175239089.62,789571472.36,9.58,9.49,0.10,747402020.58,744575754092.40,8405003880.04,82461696,83181,619zZCyFkqieiPsUGvBJwvhXNW
19720430-071811,FIN,1972,2,1972-04-01,1972-04-30,926250014.74,480196007.16,18.56,15.57,0.52,949215498.16,541172808966.27,4563229396.32,25869378,30849,0710000000002
19720430-182521,FIN,1972,2,1972-04-01,1972-04-30,6709340906.53,3078619301.61,3.08,2.90,0.46,44684364.51,652178887578.79,5769794566.05,999497551,1063363,6790000000189
19720430-223741,FIN,1972,2,1972-04-01,1972-04-30,1219131218.13,441965622.49,0.62,0.57,0.36,50539927.07,759412769699.45,5252767409.71,718568208,768681,765KsLBXnElVKdTMXGCGoOrJDQaBpHiZwbprNnHXjI
19720501-084724,FIN,1972,2,1972-04-01,1972-05-01,1268700737.90,381252007.88,1.09,0.99,0.30,499406518.65,975468016276.06,4712619592.48,351369098,384849,8380000000084
19720501-095554,FIN,1972,2,1972-04-01,1972-05-01,3877145630.06,2404841509.37,5.34,4.82,0.62,856726580.14,829106460955.45,9506687485.36,450176622,498827,665ILluFBdLbXRPNPnaiojyEqsGqUArncqWACvKTGoQnLdlqc
19720501-201306,FIN,1972,2,1972-04-01,1972-05-01,1817591732.92,586944380.37,0.72,0.67,0.32,466133515.51,545279681380.37,1920385060.40,811473581,869824,2870000000179
19720501-221322,FIN,1972,2,1972-04-01,1972-05-01,2321339280.54,719183797.15,0.94,0.88,0.31,964042295.29,624934450058.54,6381811905.53,761116784,817139,3330000000077
19720502-083321,FIN,1972,2,1972-04-01,1972-05-02,7185280493.30,830322217.85,2.13,1.91,0.12,890499829.30,566683102759.81,1052526458.93,390660737,434347,702tWwKapCDGKDqBvwDJQvKfXxUMzFDUXQBf
19720502-200759,FIN,1972,2,1972-04-01,1972-05-02,7569793702.17,815735657.73,2.85,2.45,0.11,226275028.00,469113154238.44,3588598441.21,286546462,333072,3900000000220
19720503-021553,FIN,1972,2,1972-04-01,1972-05-03,8898356702.74,4816941241.93,6.64,5.93,0.54,434838620.88,291802281689.05,4852728748.73,725704105,811784,673mqXmkgPPhQUGVluJIDZDxHwwoISSW
19720503-053822,FIN,1972,2,1972-04-01,1972-05-03,654138216.66,413195456.01,0.46,0.43,0.63,591006534.88,197752449394.31,9450779080.36,905671319,957984,297HQSomNnImHMmdRDYNPNRfwVyMKUAVMlSvTbZnNezGMUJSTdgdELs
19720503-114429,FIN,1972,2,1972-04-01,1972-05-03,8668018429.46,4852977243.79,5.40,5.03,0.56,831398890.06,113739467042.16,6993128065.26,899100818,964420,999VIwCayPvwhogOnJYXzNaeJARKVRQdTJzLSKMYmjqiITvCVKAMRRJCa
19720503-220509,FIN,1972,2,1972-04-01,1972-05-03,5372956792.59,2726039788.53,2.90,2.56,0.51,408019276.92,659620298825.84,3779549782.66,941359888,1063213,8840000000247
19720504-100053,FIN,1972,2,1972-04-01,1972-05-04,7774458207.38,3954348753.32,33.53,31.46,0.51,388909268.98,605903823771.58,5870393851.87,117935609,125694,186kCGxWShTICEMykTPjwUmen
19720504-205344,FIN,1972,2,1972-04-01,1972-05-04,1942625453.99,772142903.83,4.08,3.68,0.40,438838479.58,145421703223.36,2000408242.89,189360041,209980,014XpkDkREvygUBRrUJBn
19720505-091800,FIN,1972,2,1972-04-01,1972-05-05,9579177013.40,2028048303.72,2.55,2.36,0.21,453719750.96,982231264844.76,3215232480.86,795029524,857960,359EVnyFUGFEJmFNaFNVU
19720506-004935,FIN,1972,2,1972-04-01,1972-05-06,8615476643.39,5272362653.40,18.07,15.20,0.61,522945433.68,317628345800.01,7168374393.98,291709474,346804,0170000000110
19720506-063926,FIN,1972,2,1972-04-01,1972-05-06,4442691962.86,514791514.57,2.21,2.08,0.12,69810885.81,95753788408.24,9699226320.36,232499535,247626,6660000000256
19720506-152458,FIN,1972,2,1972-04-01,1972-05-06,3631023619.94,2392415218.39,6.66,6.55,0.66,216429062.29,768574985552.54,6223232359.23,359349037,365180,2730000000127
19720506-164337,FIN,1972,2,1972-04-01,1972-05-06,9127260272.28,5681292475.92,19.27,16.75,0.62,889643353.89,149933680403.96,340435377.21,294855357,339114,139mBRtpjNBECQCRiWtjEutqI
19720507-044408,FIN,1972,2,1972-04-01,1972-05-07,7414460553.21,4982470616.63,6.24,5.69,0.67,137404363.00,587274572511.06,7227636011.91,798048564,876413,5630000000238
19720507-140631,FIN,1972,2,1972-04-01,1972-05-07,3653837942.71,1864826711.55,13.55,11.40,0.51,97354675.38,274396314408.98,2346402685.15,137636478,163561,5790000000259
19720507-225628,FIN,1972,2,1972-04-01,1972-05-07,5337620004.49,722267884.94,1.42,1.28,0.14,630253896.48,468257657355.86,2406114036.78,510257237,565018,4370000000081
19720508-053408,FIN,1972,2,1972-04-01,1972-05-08,9810348049.67,6062690737.44,8.11,7.00,0.62,365991193.93,241231007959.29,4746498867.38,747156818,866635,923ziJohMcvsgUVqHyXNSwWAqFRxoSF
19720508-063636,FIN,1972,2,1972-04-01,1972-05-08,5405583637.29,443917537.60,1.71,1.51,0.08,474184746.28,332368960006.65,23017712.87,260236220,293990,3070000000194
19720508-203000,FIN,1972,2,1972-04-01,1972-05-08,8865906277.30,3507157826.87,4.53,4.47,0.40,155076163.50,786271548362.48,5672811065.42,774836640,783954,579MsyYBSXNmpCCDtQsKITr
19720509-001219,FIN,1972,2,1972-04-01,1972-05-09,4384143859.57,2974938747.16,26.58,22.55,0.68,195761174.49,581768460537.38,5926672979.32,111906109,131930,370jlkBZXPcVEbEkvquHcRWHHHVGNQxJWnBWpCCCKENWGMjHFABR
19720509-011511,FIN,1972,2,1972-04-01,1972-05-09,6721909306.74,1199045243.13,1.36,1.21,0.18,487839408.71,932342960692.92,7100031456.35,884063452,990143,6580000000275
19720509-144612,FIN,1972,2,1972-04-01,1972-05-09,1204626991.31,405097179.14,0.99,0.95,0.34,946053403.96,543669175944.24,7249312059.93,410872397,424564,0920000000136
19720509-170137,FIN,1972,2,1972-04-01,1972-05-09,1416436090.44,256899381.46,0.85,0.80,0.18,859787182.59,109580518043.51,5434608174.39,300983848,319543,214EVDrXsEiEnLdzKgVPyHxGfRHFwSXDLmBVPRuIGzcczcxVVXFnGDnNgo
19720509-172547,FIN,1972,2,1972-04-01,1972-05-09,7592472978.17,430840278.83,0.57,0.55,0.06,607036477.31,913834504696.46,6224768128.19,755635432,779501,1360000000210
19720510-073131,FIN,1972,2,1972-04-01,1972-05-10,1529765909.21,487758824.48,0.74,0.72,0.32,241215667.39,802116360669.56,501074880.73,654759804,681558,9220000000131
19720510-162854,FIN,1972,2,1972-04-01,1972-05-10,7187976470.15,2934182478.53,3.30,3.12,0.41,695393298.91,54598293056.63,1425044867.80,889791514,940162,3430000000029
19720510-234813,FIN,1972,2,1972-04-01,1972-05-10,6009905958.33,1776433132.72,2.35,2.14,0.30,391856411.17,987277790986.44,2219063620.22,754980861,830185,3760000000024
19720511-110311,FIN,1972,2,1972-04-01,1972-05-11,5624752107.14,843639023.36,0.96,0.94,0.15,347120469.54,228145643416.12,4623243858.61,874556375,899447,540QNZUltgBGCXGYshw
19720511-121635,FIN,1972,2,1972-04-01,1972-05-11,8035121887.63,3502984473.82,4.79,4.72,0.44,632144195.46,77335859944.20,6775597327.28,731208899,742675,1640000000051
19720511-180620,FIN,1972,2,1972-04-01,1972-05-11,8169872604.14,550255564.96,0.56,0.51,0.07,936239426.94,670568282475.57,7036344280.43,982871401,1073681,575zjoKtxCKSTNWLpRzJEjyVWiVEuzmYUTLdbyRHLSIgDUbYquZsCvOKJvFa
19720512-054915,FIN,1972,2,1972-04-01,1972-05-12,8814098214.08,1540684756.93,9.73,8.18,0.17,455397549.31,251616788620.92,6964097038.42,158374646,188248,9240000000218
19720512-063352,FIN,1972,2,1972-04-01,1972-05-12,7751295759.37,1182524671.94,2.23,2.17,0.15,965157784.38,662921671103.75,853329346.01,529761152,545099,9020000000233
19720512-150256,FIN,1972,2,1972-04-01,1972-05-12,3132603024.34,1166905334.41,1.71,1.43,0.37,933261154.65,518374929826.79,6397957523.00,680925826,816840,483rflAKFDXHCAcNmwLNJTMIvxdoAJIIC
19720512-234342,FIN,1972,2,1972-04-01,1972-05-12,2136520558.69,591305594.42,9.51,8.45,0.28,20664878.98,569027808221.54,8401926923.46,62191835,69980,1570000000050
19720513-070004,FIN,1972,2,1972-04-01,1972-05-13,4433690156.56,926776192.81,8.69,8.15,0.21,487504861.60,798109062919.59,6089627053.53,106702938,113734,6060000000123
19720513-191304,FIN,1972,2,1972-04-01,1972-05-13,3739878427.73,1831444903.94,5.39,4.92,0.49,86573442.97,641287194299.02,1332754362.09,339653020,371975,226JNrlzArRLtDOXxp
19720513-220820,FIN,1972,2,1972-04-01,1972-05-13,9220931158.75,4973110546.06,17.70,17.36,0.54,41840379.22,623626478976.69,4620810913.25,281029447,286402,521dBBCsCzeivSxrOWJZkMbNfLitfJSVqvvAy
19720513-224600,FIN,1972,2,1972-04-01,1972-05-13,2834055001.14,1651956052.25,3.30,3.01,0.58,702416588.19,581074020131.93,6425972841.74,500188209,548029,9280000000092
19720513-225834,FIN,1972,2,1972-04-01,1972-05-13,5917067436.89,3347326988.68,10.99,9.83,0.57,750229071.17,484032975329.28,2663624383.12,304570547,340667,0150000000063
19720514-000109,FIN,1972,2,1972-04-01,1972-05-14,8052036127.27,460893716.69,0.84,0.78,0.06,781367263.65,879752038991.59,4842772763.66,547245030,592942,122aoTgMQQOVPapOXWxUW
19720514-092851,FIN,1972,2,1972-04-01,1972-05-14,9132833705.24,4271209468.07,5.07,4.71,0.47,298282644.48,689512422779.80,4761098077.58,842565742,906187,398MCUMedIwKXKWmxZtjKLGmNhZVZwXLheDyjZaNegMuWB
19720514-211343,FIN,1972,2,1972-04-01,1972-05-14,8293178353.48,5221403820.90,35.17,35.04,0.63,103978286.15,653786766982.48,5865412429.08,148451939,149004,4890000000160
19720515-043211,FIN,1972,2,1972-04-01,1972-05-15,3653407326.48,993561140.29,5.37,4.55,0.27,443089886.92,885442969247.36,2325707903.64,185076988,218411,189eMeEGklgXHxDbHmSKMgdNjtvbmqrnPkesDKCAFGtvoUrQw
19720515-164235,FIN,1972,2,1972-04-01,1972-05-15,3138637811.49,429276886.38,1.65,1.40,0.14,622433730.84,657924401572.50,1641832106.61,260173478,305714,123vDOkAbyNyfNiUAoMMxwWWTIWEYeJPfPRnnjcwmlWawDedDa
19720515-174858,FIN,1972,2,1972-04-01,1972-05-15,7869457334.43,1697657714.16,3.06,2.57,0.22,720732620.29,761084693273.95,2213967757.11,555041207,661426,5460000000227
19720516-010516,FIN,1972,2,1972-04-01,1972-05-16,9557605775.53,260512638.02,2.20,1.86,0.03,432958894.49,197211326725.06,3225705455.38,118640506,139931,077KwGGHtkLxtWGPwoGFVBKTqHdHhmZbSsgyyHfJEsFJbOuJAQfYzTNZNcID
19720516-073946,FIN,1972,2,1972-04-01,1972-05-16,6866880407.64,3185850583.22,5.53,4.78,0.46,403604824.72,158456003281.14,9598107249.47,576091129,666473,972WCJJAitQbHnCKfmKEVEELEBjYtHsVGTBpOMMCLXEadMPRGRTA
19720516-220908,FIN,1972,2,1972-04-01,1972-05-16,8370527384.00,5778627311.21,113.38,101.06,0.69,936159359.82,440015093543.58,9007467174.14,50965964,57179,1720000000161
19720517-040805,FIN,1972,2,1972-04-01,1972-05-17,3914807496.43,453920032.44,0.57,0.54,0.12,878876782.06,130985336185.28,352111922.14,801685031,848378,607jUcWBvgxKjCwRpvXoIjBbXiBA
19720517-130941,FIN,1972,2,1972-04-01,1972-05-17,4922901172.35,1453281427.69,1.85,1.71,0.30,343538251.48,76712199318.87,6794005968.66,785992169,847827,2870000000192
19720517-172019,FIN,1972,2,1972-04-01,1972-05-17,4911050793.73,3151229457.87,13.52,11.65,0.64,214056578.54,188212008890.19,7898797949.76,233110897,270386,704XRHEsIMnqEiPOnfAJBLTVbfGKETfCFVYROPP
19720518-075954,FIN,1972,2,1972-04-01,1972-05-18,7012585105.26,1984074390.26,3.67,3.37,0.28,344999456.02,149730274726.99,1525718914.00,541074334,589591,025sEdXWlAyBGoFClpXvyNNafsKbfeEnSrT
19720518-142844,FIN,1972,2,1972-04-01,1972-05-18,5782335290.46,88676657.38,0.11,0.09,0.02,487163934.73,983502946542.04,87158914.64,838693898,1005345,1540000000052
19720519-051333,FIN,1972,2,1972-04-01,1972-05-19,5234300323.98,294547032.12,0.35,0.31,0.06,441828751.82,472824478008.90,8625273992.89,839085581,959435,007vXSEWKALOAvhIlwNVfQQBHKxBjyZoXiQNPJjmHVRQmuFFmfzfaBJyGV
19720519-144143,FIN,1972,2,1972-04-01,1972-05-19,2620367105.89,1737929262.79,1.79,1.66,0.66,433177828.80,193495210004.12,9286847861.45,972056862,1047113,2130000000020
19720520-044220,FIN,1972,2,1972-04-01,1972-05-20,3270106445.16,1985846868.67,4.67,4.05,0.61,412691379.63,293064080036.52,8297501627.14,425209942,490300,390iNHnTftjXfvHrITLJdLaYdULuwCuiDvUOwI
19720520-111739,FIN,1972,2,1972-04-01,1972-05-20,7197991087.98,3418367038.15,15.32,14.13,0.47,617651257.28,323157037976.90,4008428020.69,223174111,241854,387QTlJJPTwTIKGjWucWLFdQIFqUFDViLqZHmopzBSaxPctxonmQDYpdPzwR
19720520-115314,FIN,1972,2,1972-04-01,1972-05-20,730416852.91,189838098.79,0.27,0.26,0.26,240555478.98,115249598813.21,3822657714.53,698916093,738554,9360000000086
19720520-184915,FIN,1972,2,1972-04-01,1972-05-20,2510254901.25,159118315.13,0.18,0.17,0.06,293295285.86,778201767281.41,1940697311.53,869480036,915300,3480000000211
19720521-070304,FIN,1972,2,1972-04-01,1972-05-21,8716002551.69,4869480717.33,148.45,144.53,0.56,950502391.71,138042563958.29,4918336444.01,32802685,33690,689CrHZqaLKlUACIOCnANOtBcGMhwNEnHp
19720521-081950,FIN,1972,2,1972-04-01,1972-05-21,6241905491.49,792241299.73,1.91,1.88,0.13,891065013.96,938140831272.00,4116136634.17,415389621,420642,573PozAgYtmghzwqacMhOFSFF
19720521-231904,FIN,1972,2,1972-04-01,1972-05-21,6498087525.07,345110966.22,0.41,0.40,0.05,608196613.72,634595233156.29,8041178674.67,838921120,871261,954JySpXSUPXXRQAhXZYVXuSJeBKDIpCmynRTiStS
19720522-000215,FIN,1972,2,1972-04-01,1972-05-22,6215229592.15,3092042648.63,12.17,10.16,0.50,527924000.02,663943335168.30,2109836659.66,254072546,304438,450xNZnDTSoUVPNSoYdgBUPLqzOHFZzrIJQNLRxXgjb
19720522-145029,FIN,1972,2,1972-04-01,1972-05-22,3178643590.65,343516283.44,0.55,0.46,0.11,10342004.10,176336466033.49,4536107911.09,630134870,745031,2750000000040
19720523-014520,FIN,1972,2,1972-04-01,1972-05-23,240953199.53,53669031.32,0.12,0.11,0.22,982416756.45,99003185631.13,3681653785.95,462726101,473503,627FQCxtQRoMnVlnjwEERVRrjOJDAIyWTEKGCbBNsvTNBMQXXA
19720523-094737,FIN,1972,2,1972-04-01,1972-05-23,4495282942.95,832505560.45,0.87,0.73,0.19,137496383.36,115309876036.23,9819185523.29,956051125,1140324,7260000000257
19720523-143519,FIN,1972,2,1972-04-01,1972-05-23,5820588173.38,986596951.22,1.27,1.15,0.17,299357889.48,819335906559.84,7221142141.28,777354413,858193,951XLTxGrTTSMIeAKqzJEDWF
19720523-224746,FIN,1972,2,1972-04-01,1972-05-23,2335107011.99,221395439.32,0.56,0.50,0.09,3225196.37,76813509276.47,1837395067.55,392317641,445752,8970000000163
19720524-062516,FIN,1972,2,1972-04-01,1972-05-24,8952407917.17,843897148.68,1.04,0.93,0.09,841443259.21,808308783747.81,4275597854.11,812288947,908702,7810000000168
19720524-192841,FIN,1972,2,1972-04-01,1972-05-24,1107059169.35,435482803.15,1.05,0.96,0.39,150197245.81,104872634445.47,7049231178.22,415399681,452985,532OVJLucFRYBOGFvuGZWfrWIXkXlBAMCEIbLeGWNDEcqjSGqJQxkWjJNbeH
19720524-211028,FIN,1972,2,1972-04-01,1972-05-24,4636677487.02,334189378.98,0.39,0.35,0.07,157588068.83,884359733575.36,3926602538.11,857570048,965154,582eBZLwzfHUBLxsWSFpQmudmDjRXm
19720525-100903,FIN,1972,2,1972-04-01,1972-05-25,6081292046.05,515230697.51,0.95,0.86,0.08,14829791.28,349519821457.27,2975695534.73,544595995,595845,5180000000142
19720525-101116,FIN,1972,2,1972-04-01,1972-05-25,240778621.29,13555798.17,0.02,0.02,0.06,240353690.29,482013554371.43,7890729185.14,605424795,691220,766URZBtUKnpDKKHZbOejdWhikbEaSqvjzvEtNLbCtShSSaX
19720526-004955,FIN,1972,2,1972-04-01,1972-05-26,7246730145.40,4295845125.86,6.27,5.57,0.59,142107455.12,268466352699.66,4000060972.75,685014518,771501,330zRUPBBfUiMinqnbQBpsAavFODFdBPmkYvLolpCtKqmeICrhsJTmwX
19720526-082247,FIN,1972,2,1972-04-01,1972-05-26,4006477712.14,1325719302.03,1.82,1.76,0.33,911827276.79,185086679134.02,4903015135.05,729307632,754298,556eyGBByYTpoRbgjJdHtPbQdJTXrTbcWTJkSHlPvDAkK
19720526-224746,FIN,1972,2,1972-04-01,1972-05-26,5390981828.88,1123186708.92,1.29,1.21,0.21,350011160.95,305863219740.80,3600438537.20,869045036,931424,136kBFzLPYLDHAuIEHlgFFBqUhnO
19720527-054730,FIN,1972,2,1972-04-01,1972-05-27,8883007857.93,2771854150.13,8.88,7.83,0.31,487642964.39,451038211458.61,1641123892.27,312203185,353795,967NiBcGbDvQsFXSbRxOUPzUvEKLCXRVlDFrhOUHduBWHC
19720527-182531,FIN,1972,2,1972-04-01,1972-05-27,2092502660.28,769299487.66,0.93,0.78,0.37,722804994.27,957703882887.25,5822961288.97,824985233,989275,247JrvIZAzWlMCTHGbTEAUdbBtPiFGrTXDLPtHHrjDyTiEWmrrZ
19720528-065337,FIN,1972,2,1972-04-01,1972-05-28,5154184516.23,1492629021.05,2.12,1.78,0.29,366007352.04,846659863475.22,7144456905.65,703905715,837974,8840000000206
19720528-112154,FIN,1972,2,1972-04-01,1972-05-28,8223961758.04,5204391728.77,6.15,5.37,0.63,79508082.73,175163412368.49,1920228246.45,845866680,969767,976SLjJLcNoIZTAyGyOAtNtTFMQNEKksLfngTYwlVSjEZSFXAXKeoBI
19720528-224540,FIN,1972,2,1972-04-01,1972-05-28,7104795117.07,811918337.64,23.28,20.17,0.11,342149259.08,375856579332.76,6505078631.51,34876468,40258,184sFUPMbMzZhWukEqBOFVslISMGF
19720529-084804,FIN,1972,2,1972-04-01,1972-05-29,9384802166.32,1163232308.01,1.33,1.24,0.12,101863668.59,374897709908.26,796267231.56,871556380,935430,3500000000270
19720529-162923,FIN,1972,2,1972-04-01,1972-05-29,7853762560.82,1645084917.30,2.25,2.11,0.21,647600729.56,454176234193.45,2752092919.97,731646159,778307,621PGDBgEZqRneMoLzzQWIWKPqUm
19720530-040905,FIN,1972,2,1972-04-01,1972-05-30,9561768433.17,4566187861.44,133.45,130.36,0.48,333830130.62,214057625355.06,5682017858.82,34217146,35026,331IYXYDYXzMPNoklZTdipMzRqgCNIOKJHazWaAqvQYkNmrDITClMRGjaTm
19720530-114615,FIN,1972,2,1972-04-01,1972-05-30,1791240463.82,591794566.41,0.65,0.57,0.33,774755154.85,170099658736.38,5220158683.30,910907840,1044922,7420000000184
19720530-191448,FIN,1972,2,1972-04-01,1972-05-30,1216362166.29,273144743.72,0.36,0.33,0.22,990444066.11,446949801308.90,4879340193.57,754736858,833960,4850000000113
19720531-082143,FIN,1972,2,1972-04-01,1972-05-31,9380986158.24,6021353614.70,14.73,13.55,0.64,877129661.65,579738780362.06,8023657656.83,408765538,444434,9190000000042
19720531-135041,FIN,1972,2,1972-04-01,1972-05-31,5439477131.44,1057239432.75,7.44,6.38,0.19,50944970.25,389480030268.62,2338100095.95,142092282,165714,041CJDIgUzBAIqWZQVUTlyQjQGEMKgPacOT
19720531-235201,FIN,1972,2,1972-04-01,1972-05-31,941024572.16,454146182.64,25.05,20.89,0.48,149705076.71,454347110183.14,540484411.93,18126903,21735,7940000000251
19720601-052758,FIN,1972,2,1972-04-01,1972-06-01,2989508962.67,1571755895.43,4.44,4.01,0.53,30885828.42,608232184067.47,7776198609.39,353972412,392338,439dTeGxDjIdTKaDZkEQ
19720601-142908,FIN,1972,2,1972-04-01,1972-06-01,4905816888.87,1866687619.90,6.72,6.20,0.38,92989293.77,351131981946.39,957864786.19,277746117,300865,215QPoUnLDTrDgYSUKWmSCDOMHFQOuOStATjAIXdgAbzman
19720602-004414,FIN,1972,2,1972-04-01,1972-06-02,3194073203.33,569611252.04,2.76,2.42,0.18,222980710.49,343159013591.61,6923615560.38,206312828,235055,7480000000224
19720602-072655,FIN,1972,2,1972-04-01,1972-06-02,4052995555.30,1241382768.01,1.40,1.19,0.31,499779598.61,295119133555.20,9863261472.11,885657467,1041929,671yNswyMTeJisZhBAUQKoZSIKDiQjQGQezvJmxBiPyRJAQuJv
19720602-200118,FIN,1972,2,1972-04-01,1972-06-02,9912464715.79,5173061549.28,46.11,39.93,0.52,825765828.82,958971532061.28,6186514884.15,112179101,129538,7960000000025
19720603-111536,FIN,1972,2,1972-04-01,1972-06-03,1772711284.60,582280500.33,1.49,1.32,0.33,782913013.69,833707567788.92,6054170123.88,389732428,442114,0060000000223
19720603-152808,FIN,1972,2,1972-04-01,1972-06-03,5009460401.01,3160856511.62,3.81,3.26,0.63,4412311.43,283050631758.82,9445579056.68,829275815,968193,727xItpdiEnJJAMNVucbcMCrZOxGKVLQtYwdGnBtSGBDqMTsWQhoJxXwANLF
19720603-172728,FIN,1972,2,1972-04-01,1972-06-03,7260038893.61,1783808656.88,1.85,1.66,0.25,848608635.71,678956778309.39,6336739198.40,965195080,1077036,389WqeiYOFGTjVEbfOBYccBfxuAwwzR
19720603-205027,FIN,1972,2,1972-04-01,1972-06-03,9383229901.50,876092976.95,1.12,0.97,0.09,270131311.44,1407065008.40,6768180827.56,781326019,905451,5380000000031
19720604-010200,FIN,1972,2,1972-04-01,1972-06-04,7150531751.45,4532835318.26,8.02,6.77,0.63,427542355.57,966615696962.08,4601890213.67,564994144,669480,765dGTSaPOJMHvtCCHelvrPOQXnY
19720604-031313,FIN,1972,2,1972-04-01,1972-06-04,6625406469.53,1653177868.50,1.96,1.64,0.25,831401959.60,917175956428.56,9744588939.11,841417804,1006606,3490000000162
19720604-111158,FIN,1972,2,1972-04-01,1972-06-04,6701615592.63,289277481.29,14.85,13.56,0.04,520947281.78,676736161110.12,2296667270.44,19477709,21339,7150000000249
19720604-122715,FIN,1972,2,1972-04-01,1972-06-04,6184022591.07,704457127.86,0.74,0.69,0.11,163307068.93,396462845748.82,9015045045.76,946228107,1027943,7850000000055
19720605-041156,FIN,1972,2,1972-04-01,1972-06-05,8275994769.26,1944326393.54,3.77,3.58,0.23,633797330.87,446696759750.76,7935807993.19,515699036,543268,7120000000087
19720605-110211,FIN,1972,2,1972-04-01,1972-06-05,4154523186.84,39060793.13,0.08,0.08,0.01,908504647.77,488983778479.10,4190206348.52,498295309,514643,0540000000228
19720605-140610,FIN,1972,2,1972-04-01,1972-06-05,2506655704.33,999203485.82,1.15,1.03,0.40,2418027.46,158319582436.24,2885324578.22,871371983,970536,586iAJNmDakgxlQcGOiloFqkXDmRxJezUSKSBPCvqFfSbAlV
19720605-181459,FIN,1972,2,1972-04-01,1972-06-05,7141058853.15,2580967519.36,9.01,8.87,0.36,978082554.26,26492369336.26,4534349384.51,286535330,290974,917tECVFzaZYGOIcLqmNMn
19720606-001005,FIN,1972,2,1972-04-01,1972-06-06,3708437807.54,1897773590.58,2.13,2.03,0.51,545356230.61,378529539063.01,7053575795.72,889843606,936323,7570000000152
19720606-013653,FIN,1972,2,1972-04-01,1972-06-06,7498035725.59,502588181.20,0.87,0.83,0.07,572019250.77,414075531298.06,8940301330.00,574526448,602207,8130000000203
19720606-095043,FIN,1972,2,1972-04-01,1972-06-06,2231525105.15,565745649.24,3.72,3.25,0.25,518063891.22,742810474586.85,3505600543.51,152212334,174272,677BGNkHkSVFBdTuPfNoMIAETucvmJKkQhReFVyGfvjpOOsNPR
19720607-003819,FIN,1972,2,1972-04-01,1972-06-07,5018529074.33,2015404692.78,14.43,13.27,0.40,164022366.46,220350456.83,8140226773.50,139678584,151926,5290000000138
19720607-135738,FIN,1972,2,1972-04-01,1972-06-07,2468305567.20,679933971.91,0.83,0.73,0.28,205693733.26,357520083013.23,3337110840.13,814339900,934581,8130000000133
19720607-211950,FIN,1972,2,1972-04-01,1972-06-07,8400041080.26,2700428909.89,3.12,2.66,0.32,134823689.59,398652700919.47,6944572825.95,864362485,1013924,156zScyndwxOcLUXIwtrdKPFPDeQiYudN
19720607-232649,FIN,1972,2,1972-04-01,1972-06-07,4139306594.91,2013318979.40,2.49,2.12,0.49,814145276.37,418921987076.54,8385373454.68,809409323,950783,6960000000126
19720608-044526,FIN,1972,2,1972-04-01,1972-06-08,9088079729.68,4105171761.51,17.83,15.23,0.45,323333473.58,902844124829.18,8246397518.87,230273732,269566,8170000000193
19720608-101637,FIN,1972,2,1972-04-01,1972-06-08,8521825111.19,499803803.22,2.49,2.47,0.06,813923463.81,415946337757.56,1844723432.03,200816342,202321,0900000000226
19720608-235132,FIN,1972,2,1972-04-01,1972-06-08,977630807.61,80076045.96,0.47,0.44,0.08,693343207.62,876288239976.94,4467942291.93,172097543,179966,8370000000235
19720609-140619,FIN,1972,2,1972-04-01,1972-06-09,6112519118.38,2754542010.01,7.69,7.47,0.45,950189227.53,71798004850.49,8825143298.32,358078511,368522,079WAUYdXNERWrDlFxcxhSWqEIJvzOFNSKbuUHsrWRIRHHkQpsvEXCCZHBCM
19720609-152039,FIN,1972,2,1972-04-01,1972-06-09,3310812044.77,689468578.82,4.93,4.92,0.21,945612965.75,409999892468.06,3002764728.68,139907758,140018,0950000000265
19720610-065613,FIN,1972,2,1972-04-01,1972-06-10,2074303387.07,817653199.12,1.30,1.14,0.39,314539036.05,496529400302.18,3317946468.62,630254465,719585,7330000000230
19720610-132104,FIN,1972,2,1972-04-01,1972-06-10,6459987000.52,1138439833.20,1.58,1.56,0.18,180253491.36,254244353482.70,9203151703.40,719476898,729203,846xJLQVuTFshRimMWvovlkhREDPsbyCEbOPAiHlYQoNpMfOnOS
19720611-030826,FIN,1972,2,1972-04-01,1972-06-11,3406708930.41,2305975555.37,2.48,2.29,0.68,417656185.25,783477677497.10,4267504293.28,930479166,1006676,4930000000271
19720611-104426,FIN,1972,2,1972-04-01,1972-06-11,7050026578.81,3707293694.84,13.15,11.56,0.53,544982420.12,253337079523.67,4349250917.84,281906698,320590,3830000000137
19720611-160940,FIN,1972,2,1972-04-01,1972-06-11,6130490281.11,524067705.04,0.82,0.76,0.09,210481751.02,509043678216.64,8872619277.87,636093090,687261,407yzVtIWYoRQKKPNbDwXqdBMdFXWIZfiTteG
19720612-044148,FIN,1972,2,1972-04-01,1972-06-12,4399702530.31,738530753.73,4.61,4.03,0.17,469340112.37,340950975259.47,1016382102.30,160157959,183145,5550000000033
19720612-114042,FIN,1972,2,1972-04-01,1972-06-12,4909708630.22,1432661115.20,3.18,2.78,0.29,431020174.96,739631363449.13,3353070666.59,450140249,516126,207VSvMNAtEDeXQNEDooBurhHTZUGXzfeRCZXFKsELbuDdCGvFheOL
19720612-115903,FIN,1972,2,1972-04-01,1972-06-12,4734119591.06,1042924794.69,3.98,3.44,0.22,6146559.99,357792008740.57,6757540213.91,262186845,302907,3730000000207
19720612-130523,FIN,1972,2,1972-04-01,1972-06-12,1776724443.52,422191331.28,0.56,0.47,0.24,513701734.68,984336511855.66,6650722455.85,758708336,899741,1510000000091
19720613-033440,FIN,1972,2,1972-04-01,1972-06-13,2156101203.17,995276747.28,1.09,0.93,0.46,159364543.03,701263519154.16,3197991634.13,909442986,1075052,7630000000054
19720613-165848,FIN,1972,2,1972-04-01,1972-06-13,4404509079.51,1658772417.13,3.43,2.97,0.38,29844358.48,619394757226.08,6175131256.50,483483737,557900,9180000000187
19720613-193059,FIN,1972,2,1972-04-01,1972-06-13,5708715966.24,3527097669.55,13.73,11.77,0.62,991300897.45,891116981005.23,2984909781.00,256956292,299626,1340000000106
19720613-224007,FIN,1972,2,1972-04-01,1972-06-13,412352555.52,233503124.29,0.24,0.21,0.57,250582867.33,945761210096.93,9165711324.19,986918276,1133448,0320000000117
19720614-090030,FIN,1972,2,1972-04-01,1972-06-14,5762324687.65,533529034.75,0.90,0.82,0.09,540044716.65,206592734479.71,856632041.04,592307209,650024,258diqlqOsDpYaNQhSPBbXhMXocCDXEfNMfLDMDHOdpovsklTN
19720614-152032,FIN,1972,2,1972-04-01,1972-06-14,6952792287.94,2492455499.73,3.08,2.78,0.36,811393839.94,813921154877.62,9708691976.66,809706032,897716,8690000000111
19720615-012800,FIN,1972,2,1972-04-01,1972-06-15,8478507685.88,4554626109.44,5.75,5.44,0.54,825017654.44,821891882057.37,1379112367.65,792798130,836712,7280000000248
19720615-142203,FIN,1972,2,1972-04-01,1972-06-15,1610034293.43,840224679.02,0.99,0.97,0.52,480515039.03,866115580707.15,3754568502.64,853006719,862811,6140000000003
19720615-212555,FIN,1972,2,1972-04-01,1972-06-15,5596710961.59,673349584.26,35.45,34.53,0.12,282806092.92,324969400121.15,523507888.20,18994251,19502,7670000000216
19720616-105540,FIN,1972,2,1972-04-01,1972-06-16,4774443032.02,1967655029.15,2.21,1.88,0.41,877923360.24,279169661361.89,7773615604.31,889896672,1048225,357olGIXXQFLdIHXDEuMLdDVNJbXfMiSChBOXXHPRgqQfvPMFOMefo
19720616-153205,FIN,1972,2,1972-04-01,1972-06-16,6256477371.32,314121531.90,1.23,1.08,0.05,597813138.81,801219683582.73,1529431518.37,256191299,289525,0250000000141
19720616-163428,FIN,1972,2,1972-04-01,1972-06-16,6474354751.80,2423232639.49,2.93,2.54,0.37,300487705.51,818419252676.89,6128220025.22,826789235,955140,1210000000177
19720616-192417,FIN,1972,2,1972-04-01,1972-06-16,8134960550.88,3627877949.39,7.07,6.77,0.45,613212249.18,428725014785.39,5946465488.84,513492764,535861,515RzFPWFvwZRrSBSctRiMfHfNKAAwdNTjFVMI
19720617-010744,FIN,1972,2,1972-04-01,1972-06-17,3505279245.50,2334126264.11,14.18,13.87,0.67,16575691.47,506547173689.94,8799893575.79,164621187,168290,4300000000056
19720617-125710,FIN,1972,2,1972-04-01,1972-06-17,9471721784.03,3306311577.18,37.84,37.04,0.35,779195284.31,445396996175.16,4258116314.26,87372422,89273,0810000000132
19720617-192259,FIN,1972,2,1972-04-01,1972-06-17,2052726357.69,1360675977.95,1.53,1.42,0.66,140345044.03,915002059643.87,9533373918.27,890847719,956113,2040000000048
19720618-041248,FIN,1972,2,1972-04-01,1972-06-18,5597070212.60,3507274119.86,10.14,9.69,0.63,150764070.72,970269785481.26,1837457648.19,345932197,362056,2470000000158
19720618-093316,FIN,1972,2,1972-04-01,1972-06-18,8967954311.86,2167120634.41,2.73,2.36,0.24,701200363.03,405365215778.64,243757472.12,794426706,918246,285gIOONPxnQUwBdFNEMLBUXdUbFPDWDVOVnWIIMRpOMbaMGipmCAICpjncs
19720618-172845,FIN,1972,2,1972-04-01,1972-06-18,5855623471.32,2932431816.02,17.81,15.35,0.50,330723835.70,327809091900.52,5017220380.62,164672542,190979,0090000000246
19720619-002018,FIN,1972,2,1972-04-01,1972-06-19,3801067877.98,129196232.06,0.33,0.28,0.03,340615263.78,213393715497.47,7048444857.61,389377682,460404,4880000000244
19720619-150254,FIN,1972,2,1972-04-01,1972-06-19,6065620406.22,791765757.36,1.13,1.09,0.13,969629598.37,980494575717.38,737825459.83,698785142,728469,4390000000069
19720619-175620,FIN,1972,2,1972-04-01,1972-06-19,838284360.40,322159542.19,0.87,0.78,0.38,229116118.34,613015339364.08,1725417939.51,371883441,415336,0230000000005
19720620-024613,FIN,1972,2,1972-04-01,1972-06-20,9570881799.87,3613304644.58,4.11,3.62,0.38,107466711.72,212888051657.90,8279188033.50,879135815,998644,570BELJVClFSUDWQNFrxaHxDDEMSOMNqTeWbFtIh
19720620-085033,FIN,1972,2,1972-04-01,1972-06-20,2539718575.93,804868357.55,0.91,0.77,0.32,806623577.27,548294425.66,7158679071.01,880903786,1040379,423qKjXPsBHCteFFjjVUJyGXLGVDBNKBTSUHGZTe
19720620-103113,FIN,1972,2,1972-04-01,1972-06-20,5541424787.47,3724360252.63,7.31,6.77,0.67,891285639.64,714436612314.44,1603270057.45,509468700,550522,2720000000145
19720620-152748,FIN,1972,2,1972-04-01,1972-06-20,4820799842.70,884123795.75,0.90,0.84,0.18,670802424.09,778469055882.03,4819454568.79,981904187,1051873,808WWZnPQCzopSOWpJARPzEqydPAK
19720621-051551,FIN,1972,2,1972-04-01,1972-06-21,1111737960.81,3233130.28,0.01,0.01,0.00,472906272.31,84260742742.86,4408689129.83,360097173,364872,424eNVEuhGtjVFOeaxSShmAgVEwrtbpRJelgzytPiOodxcVKqffUJ
19720621-103109,FIN,1972,2,1972-04-01,1972-06-21,1556444039.42,550476982.37,5.28,4.57,0.35,656302275.74,963295638745.90,5624476506.40,104170883,120504,5450000000080
19720621-182534,FIN,1972,2,1972-04-01,1972-06-21,6719641177.07,4443739390.26,13.30,11.87,0.66,23151906.38,644393447944.03,4648796237.29,334211779,374292,8550000000035
19720621-235458,FIN,1972,2,1972-04-01,1972-06-21,2935576092.59,855216503.83,1.07,1.06,0.29,320614479.49,827814995245.71,7399416292.91,801171020,805198,921LoSyvUwXvGnKexKhSbbtArGnpUcArarLDzSDOEMMZBwKPwRuADFxSFJ
19720622-014547,FIN,1972,2,1972-04-01,1972-06-22,9866324616.09,5785758644.16,11.41,11.22,0.59,284325384.28,622276968823.24,8437498681.03,506999786,515815,832BzijSDvPCIJvDDDXrPdu
19720622-061450,FIN,1972,2,1972-04-01,1972-06-22,2968973778.99,1912992489.72,4.02,3.73,0.64,812442383.49,444195423616.95,4639216637.45,476003750,512628,335QFRbFMIOhFIvNDHHKUIHIwUDsyiGpkDUVMQO
19720622-214120,FIN,1972,2,1972-04-01,1972-06-22,2167101541.46,1032701977.90,2.70,2.57,0.48,444847658.23,152031728052.73,5259146077.26,382524408,401927,223QrkRxvbadKcPnWFcOeDWQVadFphGPSbdHFKZstApXDFQCJWWQxhWQGQHg
