19750924-235954,CMP,ZmRKTZLbWcRahUkhOdxFeAjKwTqyprwFYoICqZPrNS,0000000414,ACTV,NM,BB-,1913-10-24,7914 Wycliffe Street,,44319,Lowell,AK,United States of America,Starwalt,ILGFMtRzJTaNceVTZYVdXKWxo giLdjgXK xcpIvLRdxuJBVZQrYRHQL omxVdwHZXAiuSPBlUCGpvqoFEVKufssfGwtI NvPwsNYWBWuvE
19750925-095505,CMP,WdMLSShTWMSjGnzJGcANLThOWRoeveGhIRasLWaagwQJgdEQZJUwQjGtCng,0000000409,ACTV,CG,BBB,1926-02-04,16557 Howser Rue,,B8B 1Y3,Ottawa,ME,United States of America,Wichrowski,rOtMSaSbiheoCNkYdkIAdOGEDyvhGJTAIEECMxJVZjLhZuoQfnLRGYnCKqFofDEBXJ cnxGZzxiCaUXMGZhaBussLeVmRlwVRDc
19750925-173156,CMP,hJTjBraMaWddGWF,0000000123,ACTV,RP,AA,1957-02-13,20920 Balmoral North,,74138,Moreno Valley,Manitoba,Canada,Okun,dlyJtLYcJmhGnSrBsWBxEqEzNOMoXqSQGtDUMJUMKxQZWoJIQQRToRKEZdQBUfRRvKhntLSpZjrSnARvnRFvZjjVReOdGRNZtISUCKDGJiToZHGTTecNUOB
19750926-231912,CMP,KCAQyxiZXoJdqKDEQYobKyFIDOjTuAXaYXNcpSHBpXYaEVEJiQphzVsDQo,0000000411,ACTV,SM,OO,1877-04-02,6095 Coralberry North,,V5D 1M3,Tulsa,OK,United States of America,Arrasmith,GBNH hJBFAysZOZlexnwsx
19750928-041402,CMP,OYXVSfKMOMIoqoqyViBQCKrMkjjkYFvMXfa,0000000406,ACTV,ME,BBB+,1931-05-09,7000 Ansley Lane,,V6M 1Q9,Lakewood,HI,Canada,Mechler,MRBBIaGEvXeOIRLFqHwPKBQTSyQzUgJeOWZoihPSagdRCAUxZHaVUJjuAUtIAHfZUJM
19750928-124126,CMP,QmIWAMFMBoTuKqcwLewoBsILHXZmmGvSQMLGNPfKFLTSEGyMR,0000000413,ACTV,CN,BBB+,1939-11-08,15401 Winter Park Lane,,99789,Lansing,WA,United States of America,Angerman,NBKQQMNn MxlKLaxycDFkwrIGSqWgzmoOkTCpqzUeJPRnRJgshKKBlhCiNSrELAiBMZABUnLtfopXYFIQlKapLQWJmXYrDNHX
19750929-070755,CMP,HZexZLWkLQrVKlABNLmRFIEvUiOG,0000000408,ACTV,CT,AA-,1885-12-21,1758 Seip Way,,E7N 1L1,Lansing,NH,United States of America,Fusch,AAJqNNftwzKynKYeFCDbrAveyWGdbALNycCuSpwCkULvGyGQilkjexitbBRSVxIEmEWOFZxUkDVxrxabZGNCGATmGJWNzlMeMmjlntNgEniRryHRANosqatPO UWLBK
19750929-080605,CMP,UfcuAUDQZQksFjdfGJRrKH,0000000415,ACTV,SM,CCC+,1966-01-21,6691 Ocean Rue,Apt. 390,10246,Dawson City,NY,United States of America,Mcpeters,robMERcakEOigNUhUEXeEjzQoPBYRuAdMlCaTTqNiSKZP BV MHG ZQZGcEBTCOSRGXHJgZSFSWyGUF
19750929-092319,CMP,CrleKXckDGjjocRGbTqCKV,0000000410,ACTV,EI,C,1864-04-13,11993 Knowles West,,70184,London,VA,United States of America,Sansbury,iGcHdaHPVaQNByaiwKdQOJSlaQJSJiQKlok qjXMElYKJElhUsSHi
19750929-214439,CMP,BzijSDvPCIJvDDDXrPdu,0000000049,INAC,CK,BBB,,20902 Ashley Avenue,,90048,Modesto,MI,United States of America,Philipson,FRolmcXxfoBrNkED Rh eRGTEnjQGKNBhmiwiMIVeEPCKfZPDPyBpLUNIVDAuqJObmGfHpFtLmQBBDuaBTNHymeDGCSsXC pKAegeuusSEogsPX iPxHUDCMDqxTmiERSbPLXdbKYoVSKJLjjhm
19750930-075310,CMP,MXAKJrzxMhpCcVmYFiKnlZmdyyKlpz,0000000412,ACTV,CU,BB-,1883-10-12,15713 Conier Upper,,V6B 1U8,Anchorage,FL,United States of America,Pevehouse,wiAFzGxcrSAQJIoJUGNktouVnEfMdWabrPvPSTanUKDVxlAQMLIeISOIItjMULzHAWsfJnsazTOHDNrm rSmloKvUPsVTPcVxsRl Wt AiihGlbtEJCGYxKZNTxCo ZPnZjaMZXNKWK
19750930-080956,CMP,pYFBZnXNInPnlGsIKS,0000000407,ACTV,FP,CC,1865-04-01,7281 Northland Lower,,77017,Fairbanks,AL,United States of America,Spoto,OObUPLIrtKsJNaAkFgVjiyGCIECCJJEOgpMEJtKWMges MucLOGlXHqQJdqNHfzVMXotDcmLvediMIVSGSIqrtkaHezPxLtPGUK SWEUeAgJugDLIUcCfHPHWTE  UdhNwIzpsNCA
