19670425-114814,SEC,COMMON,ACTV,DiIPnSJHqplAHTPKTGIhStBRNgEpVZYuRSRDlerURQYDcFPMaJ,NASDAQ,652346051,1905-06-09,1966-02-28,1.85,0000000004
19670426-020108,SEC,COMMON,ACTV,hLGaxijgkBZAvvYVHVMmOFN fMsFAbbAYlYRHEeYVAkDrIhJMkgIDB,NYSE,720090211,1871-10-29,1949-06-10,0.51,0000000051
19670426-131718,SEC,PREF_A,ACTV,UilVUTKRECLSDpP DaKlJUMCQMeiZFugwSvUCGkEEiTI,NASDAQ,999528317,1916-12-17,1854-11-12,1.73,0000000012
19670427-012253,SEC,COMMON,ACTV,Oc uthVrNPBEPGSFS mhGwYBMopUrBRKEgsleLHIJXfdyDSP,NYSE,130160579,1923-05-28,1898-06-04,1.58,0000000069
19670427-074644,SEC,COMMON,ACTV,PNxdeTc yFBNHYcFQppSVqKyGWFL,NYSE,413206204,1943-05-12,1860-11-03,1.23,0000000045
19670427-145850,SEC,COMMON,ACTV,ScFEiCjIVZPCoRjRomREgzaZdyAPPETyBSOKBNfUa,NYSE,926518720,1856-10-07,1882-07-17,2.69,0000000048
19670428-191111,SEC,COMMON,ACTV,oMnowvRnDbUeCCZLnUmKj,NYSE,791193180,1929-04-26,1945-06-20,2.31,TzOOKJSXlzetRDAZNOaBGRiAoYkrPjDLzvR
19670429-041034,SEC,COMMON,ACTV,jwNYEvuWTkLqhW,PCX,488190951,1852-01-06,1862-02-17,1.15,0000000047
19670429-133356,SEC,COMMON,ACTV,BAYTcsczJxyrSrBsAWPPTR RpoM aEfuSiEswCEa,AMEX,217201226,1965-07-20,1956-06-25,2.02,0000000036
19670430-025150,SEC,COMMON,ACTV,vRSUHaAFtjpjrHGzDrClEIXysvFdwzThy NcecHGEayAYJdHLbLJGOEGHXQttz,AMEX,759652546,1903-06-30,1875-06-17,0.81,bDehSFMUUzvBayHEfHPXduNBnPkf
19670430-171627,SEC,COMMON,ACTV,oSdwaF IZnEsEAvygPZJPGzFjDEMDJXRZKitjdgzKyNCrGHHuEVQjOPjLEhfJHeNAQEN,NASDAQ,648069445,1852-06-07,1959-12-08,2.64,QTlJJPTwTIKGjWucWLFdQIFqUFDViLqZHmopzBSaxPctxonmQD
19670501-063644,SEC,COMMON,ACTV,XFGINYTPvkklDkUaEsztUWmHwDtyAMNkbxCFzmDHpHdGwFTBIk,NYSE,31190556,1855-04-02,1855-07-28,1.44,0000000049
19670501-195912,SEC,COMMON,ACTV,RtRqATRvhCCgKkdLCVheUywWyPOhIgOvSZwEadJvUjXDHvkKyIXxpAbCYkcYW,AMEX,134129471,1856-09-24,1855-08-18,0.29,BELJVClFSUDWQNFrxaHxDDEMSOMNqTeWbFtIh
19670502-011214,SEC,COMMON,ACTV,VETyvTrYDKiunKuVWLJYuONehXTRBuNDpctCSxjYHJcWTPxBYNCP,AMEX,275387340,1884-10-08,1916-02-06,0.87,WCJJAitQbHnCKfmKEVEELEBjYtHsVGTBpOMMCLXEadMPRGRTA
19670502-082938,SEC,COMMON,ACTV,gxObucQGwYQdiiYAuAFnYpZIymDFEHpjUWblQBmdFfOhD,PCX,864232739,1902-07-02,1898-10-18,1.25,0000000073
19670502-204345,SEC,COMMON,ACTV,CmizLWHYciVME tCUzaBJM CAVbdVKNcCefYCEUbTPTNvPCuyWTxJrOPd,AMEX,680074044,1858-07-26,1856-05-19,2.36,eyGBByYTpoRbgjJdHtPbQdJTXrTbcWTJkSHlPvDAkK
19670503-003953,SEC,COMMON,ACTV,VDlgRzzJUFTdNJSVhKMWzLMdlkyDBxkabuJoQbnPE,NASDAQ,726363817,1867-10-31,1960-10-27,2.87,gIOONPxnQUwBdFNEMLBUXdUbFPDWDVOVnWIIMRpOMbaMGipmCA
19670503-152913,SEC,COMMON,ACTV,VYFDAE JMKWSLfhOoOSFDXqTWNSCZNtLRAgLunBNM RJVLeJIKhATTHYnuKSCVCDYFIPAS,NYSE,19702344,1895-05-31,1851-09-07,2.96,RICOfhFDpPHwKRHsmPHYTpTzGDeJMQruPEEdPICrMiweHGwOFQ
19670504-053129,SEC,PREF_A,ACTV,TrHEldPATEJNSN AJMDEKXBiwMtQf EKWaNpahbVkdSSPdoOloroCmJQa,PCX,250773393,1966-01-28,1885-08-10,0.38,0000000065
19670504-172653,SEC,COMMON,ACTV,MrZPGICaDBtOzENjSpLWbPeayXVPDVkRoz CVvCeTbLDIoQmcMwA,NYSE,345977805,1876-11-08,1962-09-05,1.41,0000000068
19670505-055042,SEC,PREF_B,ACTV,zLGgTBgtlrQSFCYVOkyOBTaUVEDrnmSJBNAOMOGEgUqIYhtMD,NASDAQ,123937703,1912-06-12,1920-06-28,2.86,zScyndwxOcLUXIwtrdKPFPDeQiYudN
19670505-171517,SEC,COMMON,ACTV,jLQDiV gYkI,AMEX,136995638,1916-07-19,1863-07-04,0.93,0000000006
19670506-004220,SEC,PREF_B,ACTV,NxdwYSNOyAAVu,NASDAQ,995012090,1904-05-31,1957-02-15,2.98,0000000052
19670506-150847,SEC,COMMON,ACTV,TVaBQJTNUPgjQjZJjaNhfJuogfpRCzIhqIDaFPFyGxQIpMhNtiDmLgg J,NASDAQ,356243901,1952-01-06,1850-10-09,2.00,PGDBgEZqRneMoLzzQWIWKPqUm
19670506-155853,SEC,PREF_A,ACTV,DSjRQzkxwlHKA,PCX,29406108,1882-01-21,1901-12-23,0.63,0000000041
19670506-225700,SEC,COMMON,ACTV,iTuxyMPdSDEyYoKanUVEkDkFgtHOTamEGDXRTOyJDtaMD ZYZQoAELwgJDf,PCX,858332918,1924-04-10,1959-03-14,2.36,ELRDIvILDRFhUOPlOdBNRoJISmXZkKmyFIXaoT
19670507-091304,SEC,COMMON,ACTV,EadZaOznViEwAIKZRwGkjHYSoloibrcMKLneMF,NYSE,751290189,1959-03-05,1939-08-04,2.07,UxwoFfdmLfKmuJCZStrMNOScJQzWthcXUUiyvsPHTsRlAJPOiK
19670507-130626,SEC,COMMON,ACTV,ZxKiMHzlpX Vq HGrphqTSIlQRF,NYSE,866794275,1943-02-21,1953-02-05,0.37,0000000026
19670507-160756,SEC,PREF_A,ACTV,DKZTuPGRjypYEBPVCZynIMAzkjAvFtHAKPGgWQ fEnetF,AMEX,384046438,1896-08-09,1879-04-21,2.56,WKHSDaFEDSYXOynePKHWBGLeJ
19670507-210718,SEC,PREF_B,ACTV,PRhxAPBRQJTQDlQANEeQSwztSPzlFUuSOqtKMOcZu,NYSE,71000207,1855-10-23,1925-12-27,2.24,JaBRAUCPDCLITNXXrADVCSIopfxogeRFkYFvBVlr
19670508-070909,SEC,COMMON,ACTV,vyLKgRHwDGGULKEHFIVkWETDIUDwxBK oAfYhf zVwKp,AMEX,423455935,1965-03-23,1942-03-20,0.63,0000000028
19670508-080808,SEC,COMMON,ACTV,VJqrbyGt BGdHZhaySgtHHX,AMEX,467463611,1956-09-21,1949-03-29,2.03,0000000019
19670508-103504,SEC,PREF_C,ACTV,nSUOJKJCFJZVyolNEFyY GADZtSSOZGHxzcqfMNFHKbSvxUYhrAzDqghiD,PCX,254460681,1889-02-17,1935-09-01,0.37,QTlJJPTwTIKGjWucWLFdQIFqUFDViLqZHmopzBSaxPctxonmQD
19670508-202353,SEC,PREF_A,ACTV,KdpIDri Aun,NYSE,444306778,1884-08-02,1923-03-06,0.63,sOinkIiTdaWTBlAuXFDL
19670509-060206,SEC,COMMON,ACTV,NZUBULNTfJMTFoEUarvynPiwI whwReQkDNKlFBRjoMwRjkylDOZqkpLo,NASDAQ,581301705,1920-02-29,1876-06-19,2.64,0000000074
19670509-204432,SEC,COMMON,ACTV,CWkQv CVHflkKOYGzSEGRtfO iAQgMPKOjCBjVVketX,PCX,416091002,1928-04-06,1924-02-03,0.27,0000000048
19670510-103041,SEC,COMMON,ACTV,AhpuLWcqubVBEGTB HUHQkGLuQTxn,NASDAQ,236769972,1866-05-13,1950-01-06,0.88,0000000068
19670511-093601,SEC,PREF_B,ACTV,NiCUPtADZazCucJvfWBWJkmPPMUZOvKfjDThHCiCdkppkJIkbnIOlFEGGPQuPMUSL,PCX,885559893,1882-04-26,1945-06-10,2.77,QFRbFMIOhFIvNDHHKUIHIwUDsyiGpkDUVMQO
19670511-211519,SEC,COMMON,ACTV,wRPVdUcLkkLEoknoXoETSCwKKpOgtKo,NYSE,469003956,1857-09-18,1851-05-12,2.08,lSBXSwESnnboFFeSvHxFjlfxrwIZABfGMjiWUbhTmnRHnPFOTM
19670512-084428,SEC,PREF_A,ACTV,bsTUBRJPHznPOSQXClKUHHBtVhHfS NzlVkdUIfEjLfm,NASDAQ,641678655,1901-01-27,1866-10-25,3.00,0000000047
19670512-150320,SEC,PREF_B,ACTV,FICJvwAfXhPvpOgvVgbSFHTTaWJtAuANPX,PCX,640374415,1865-06-25,1953-01-19,1.56,0000000013
19670513-061313,SEC,COMMON,ACTV,MEWFWSjxLkv,PCX,840520035,1938-06-04,1896-08-12,1.98,BzijSDvPCIJvDDDXrPdu
19670513-145816,SEC,PREF_A,ACTV,FboArSQdJAIybScSQFfeyYZtNaJMQPROjsPjUVXmGEHiQKKSqpCyTUYUFIUH,NYSE,155418674,1960-10-04,1923-12-02,0.63,0000000013
19670513-181629,SEC,COMMON,ACTV,bGUIcXh ASpzItAOZXuPDi t,AMEX,758047030,1862-08-16,1852-04-25,0.49,YGODXTYUYQHKSUzVdmTrHaaZEgiuZLXAwzvjFZMnWXdUSECjfi
19670513-205813,SEC,PREF_C,ACTV,HiKgKFhP E,PCX,544290590,1898-05-22,1916-12-19,2.19,0000000022
19670513-231449,SEC,PREF_A,ACTV,RCIJETDPMASvaGqJxOWvTISXQGOWJVK JphmfZEQqTaoprLGKUILJTzO,NASDAQ,221729517,1916-04-16,1868-02-02,0.28,0000000071
19670514-052855,SEC,PREF_B,ACTV,TTLeMXMuzDOnmwtZouVgTATfEPUfqooBsVKaxvnfcCBqQIOk,PCX,103654241,1860-10-21,1852-05-06,2.08,WKHSDaFEDSYXOynePKHWBGLeJ
19670514-134754,SEC,PREF_B,ACTV,yPjoNkePCMafzYWRFBf LkanJeF,PCX,938248691,1903-05-20,1854-05-24,1.65,0000000013
19670514-170611,SEC,COMMON,ACTV,xcRJBBDJCjXmLkGNsHbmY,NASDAQ,328610404,1962-08-18,1876-07-03,0.46,zScyndwxOcLUXIwtrdKPFPDeQiYudN
19670515-021303,SEC,PREF_C,ACTV,Vs pXBVpAAuMsxiLLxUTDLBnExKPPxxL,AMEX,562210840,1951-04-19,1873-01-15,0.92,0000000010
19670515-174539,SEC,COMMON,ACTV,pXkNVnOqNDTPNXjaxzRIamtDFiPOLFCQACQxeErK OkGao,AMEX,783161469,1898-09-07,1911-05-22,0.75,0000000022
19670516-083436,SEC,COMMON,ACTV,VNwLEZzrGahvFPczINOELdFDSjIDBqOBDcXKFsChxAzlXMoouR,NYSE,534843063,1864-12-13,1885-04-26,2.85,dGTSaPOJMHvtCCHelvrPOQXnY
19670516-150545,SEC,COMMON,ACTV,edeTCNNzZJraMhWVNuTmlIAWkPONL QBZyOt,PCX,466063202,1935-02-05,1947-09-14,0.63,0000000065
19670517-030242,SEC,COMMON,ACTV,TXQUbZojavPJHKizgQIEVoLlKztRYcktSAZNCfuPTakRPBFSNLUU,NASDAQ,46291090,1914-07-22,1883-06-16,1.87,zScyndwxOcLUXIwtrdKPFPDeQiYudN
19670517-112653,SEC,COMMON,ACTV,iZRzCURRbFaVTkIgohCgZeKRvqHaUgqHUCtSeCYRpQgCnMeDP,NASDAQ,671877871,1920-12-01,1899-07-03,2.52,0000000067
19670517-125811,SEC,COMMON,ACTV,KnfwLIXRocGucgJZHSVgKiBnopNrdSwBnYrYPYthmrSe,NYSE,222126202,1906-07-19,1938-01-27,2.03,BlzKUNpcdbxQGHwUAaQlIXGgyZmHnyRREOKBwpXvXwwWEOWiNJ
19670518-025934,SEC,COMMON,ACTV,UTTGegIUvVsNfGxNouuQnySJb,NYSE,663323466,1914-09-03,1918-02-13,2.03,0000000057
19670518-061107,SEC,COMMON,ACTV,qogYORdhIElCPRugsDnOCAxkGlGRQIevFDnbckRaUhEBFIYjGCLRTVO,AMEX,996597274,1875-03-20,1861-07-13,2.71,TzOOKJSXlzetRDAZNOaBGRiAoYkrPjDLzvR
19670518-203156,SEC,PREF_C,ACTV,HOrHPhltuykbHAKAirZTKJrZBMfID,PCX,496195827,1963-06-13,1965-07-15,2.93,0000000013
19670519-115719,SEC,COMMON,ACTV,yVhDMAeVbLfLNuDCREhhnLV GcmYBAIQmiYDmxWNYbByqP,AMEX,180250065,1900-03-13,1948-12-22,0.27,zSzyZVwpMSypTaf
19670519-213154,SEC,COMMON,ACTV,ZXHrTLqKopCqIUNBlk,AMEX,728376451,1897-12-09,1948-09-24,0.61,bDehSFMUUzvBayHEfHPXduNBnPkf
19670520-033946,SEC,COMMON,ACTV,VlMaBtCZEFGGbAozNwWuKFKisHNCxRMvkcHGSRKkeimGYGxeiToJ qXMFTTICbXU,NASDAQ,383619886,1881-12-03,1873-06-25,1.64,0000000003
19670520-124421,SEC,COMMON,ACTV,PwFNJpiJiPm QfsqTNGKnjxeArhkVaECMZcHAuIMBjuGTNLuN,NYSE,616094359,1894-08-30,1869-02-17,0.95,0000000043
19670520-225814,SEC,COMMON,ACTV,pZScccpJTfDwcYkGmifDqNA,NASDAQ,403154629,1896-09-12,1867-10-01,0.88,0000000005
19670521-112147,SEC,COMMON,ACTV,yPDTMVLEOVfPpEUEQEHXFjZZHLHL,AMEX,6465898,1890-05-18,1914-06-22,1.87,RICOfhFDpPHwKRHsmPHYTpTzGDeJMQruPEEdPICrMiweHGwOFQ
19670521-155014,SEC,COMMON,ACTV,AURBcMEpSKrntqBWutMwKNlEDdIMDNygMHAsDsGUrAstLoIbSURRLpEBjNEpBhjeeixTp,NASDAQ,742593551,1950-12-18,1864-10-14,2.68,NiBcGbDvQsFXSbRxOUPzUvEKLCXRVlDFrhOUHduBWHC
19670522-015039,SEC,COMMON,ACTV,uCgbKCFOBdWduiRTVuUAUODUnbqflBrFqRxRqIfItkIZRdCOvRWLNmNrVRMDGNG,PCX,307110221,1879-09-02,1851-11-13,2.41,eyGBByYTpoRbgjJdHtPbQdJTXrTbcWTJkSHlPvDAkK
19670522-130003,SEC,PREF_B,ACTV,aPKdlEKzyRMYUqNqBdunRiPOAFVABrXvyEQPKuOJeSaXlGOAZbEgny,NYSE,799841233,1936-08-25,1919-08-11,1.69,0000000010
19670523-044844,SEC,COMMON,ACTV,nlJfUkwMvOywZGLSVqCfoPmEGDNwgEoyNyZuwEFTUDZAPaEJAoyJU,NASDAQ,772170308,1925-05-19,1890-01-24,0.11,yzVtIWYoRQKKPNbDwXqdBMdFXWIZfiTteG
19670523-064148,SEC,COMMON,ACTV,JkGdQMJNxPUodltLtZbJeMbfBEHNjEsXJqyCOajvcz BDoklOqI,AMEX,992758631,1964-10-22,1862-07-19,1.14,0000000068
19670523-201310,SEC,COMMON,ACTV,fbqhpcOPLVguKAbcJpJMUdQiEmHMuZBhQPrzQplUVitFsZFOlChmaAJNKUAvCYjp,NYSE,238822754,1936-06-08,1897-12-26,2.38,zSzyZVwpMSypTaf
19670524-093818,SEC,COMMON,ACTV,dqaSEsLRziQlgayTIaocAGODiLIAbQUdDmLCaKAEHwPyRooDAAUuGCHJ,PCX,554653419,1933-12-09,1909-06-17,2.48,yJZRFbHLdseBeTnJIpEmTJtfrrDaEFBWyS
19670524-170956,SEC,COMMON,ACTV,QbCPjmsFcEcgpKWPAUEMMfzOiZyWIFeeHMLGRTSpYGSQIYPZJ,NASDAQ,695062051,1910-01-04,1884-11-07,0.76,BELJVClFSUDWQNFrxaHxDDEMSOMNqTeWbFtIh
19670525-061012,SEC,COMMON,ACTV,NDRNKrDngsjb WVhfm uAGDkZzqHDaWsjmMLhwWOhSgEXGNfir,NYSE,106280456,1858-09-01,1938-05-02,0.27,0000000001
19670525-072300,SEC,COMMON,ACTV,HuVFGJNUGrmMkgzHAHgPjfuLXSHPapdlIVDabNocQQBYH CjPcnpHaPHMZKGYFVyXDrTgI,NYSE,681233900,1928-11-18,1935-06-23,1.98,0000000018
19670525-085526,SEC,PREF_A,ACTV,SSTSDcPCPCEYpAwcaCGlXv LSGbn,NASDAQ,38824552,1885-03-15,1963-12-09,2.59,0000000034
19670525-192606,SEC,PREF_C,ACTV,hVTNOPgYqSlRSatPJCTDuTVSkDQoUNH aLITrbIPGVPLDKabzIyxOJQj,PCX,923704108,1889-09-26,1901-09-25,1.15,0000000031
19670525-194253,SEC,PREF_A,ACTV,CUGIvLbJCoTPdkebEDcTFHLCSkMDpdWFjhEoN giTA,NYSE,626870793,1851-01-02,1909-01-13,0.18,0000000070
19670525-223218,SEC,COMMON,ACTV,BqqMYYvVWduTXjiEqUqp lJghbaIzWOqVeiBbPVAQmazvOlK PV,AMEX,747536344,1892-08-08,1922-10-30,1.76,0000000070
19670526-105056,SEC,COMMON,ACTV,VXqReRsMoGKCVIbPnLQKNzKLEVIQAuIEGklHbfCzObJabervCIwaLuwbMphE,AMEX,37363833,1903-03-04,1872-07-24,0.28,0000000031
19670526-162648,SEC,COMMON,ACTV,LQYNiQKJb UFLPjQQbIDDyYVnORFJGjbCRjTUkNklKAYSAua x,NASDAQ,16538767,1958-09-26,1862-10-07,0.22,yzVtIWYoRQKKPNbDwXqdBMdFXWIZfiTteG
19670527-054124,SEC,PREF_A,ACTV,ZVXNqHSlTIVAlEzomCm,AMEX,517065853,1933-01-28,1853-07-02,1.78,gDqcCBxupXLOeBnjyoDuJKKpXXazMTBejzLaoxVkzpfVHbeQYN
19670527-070258,SEC,COMMON,ACTV,OxucBsKRrwErNUHERhoZmysmcRg,AMEX,338863306,1871-01-02,1959-11-14,1.02,jnhGOQaSGPLzBRc
19670527-191815,SEC,COMMON,ACTV,VggeEkcloKgvwjLOBtPSqNMfKiEHslXJUMfKUbTBavhwOCn,NASDAQ,350739172,1904-07-10,1878-05-28,0.39,0000000027
19670528-072248,SEC,COMMON,ACTV,rbHOEAFDWLr hsimVXNoCyqJjmm ipVxhEqH,AMEX,507644774,1890-09-13,1900-07-22,2.84,0000000026
19670528-124108,SEC,COMMON,ACTV,UGiFsmgXGImlzQcPVSJwiQv,AMEX,650388733,1889-03-27,1966-01-19,0.53,QFRbFMIOhFIvNDHHKUIHIwUDsyiGpkDUVMQO
19670528-205941,SEC,COMMON,ACTV,QndRyu GpiprGpBQRdQNUNEHVDXtMcdr,AMEX,239222983,1851-10-16,1921-09-17,2.61,RICOfhFDpPHwKRHsmPHYTpTzGDeJMQruPEEdPICrMiweHGwOFQ
19670529-104636,SEC,COMMON,ACTV,klPEzPcxPEiMELdaqgiXnGTpiSfLGhmdhINTUb yC,PCX,803840572,1952-07-13,1934-10-31,1.32,nUSbwozHKnjEMwDGEwifsBDVkWMEUCXcZRAlqaRyXugMDSPCvI
19670529-192611,SEC,PREF_A,ACTV,PgLEFXLPxUMjiNyTFgEJeLpWwQeXzkf OwzTQScMhkYgPSOeJAVNQdmRHcyNAOYTmWvsuA,AMEX,503661009,1879-02-13,1864-08-06,1.04,0000000054
19670530-090126,SEC,COMMON,ACTV,FoN THQLKkzsANJrHhmcUOwFQ,PCX,244307236,1858-05-22,1889-05-27,2.52,0000000021
19670530-180625,SEC,COMMON,ACTV,mfTGLAorpQbWaDsUyQIVON,PCX,545429854,1910-04-15,1874-03-30,0.03,0000000021
19670531-090624,SEC,COMMON,ACTV,pNTIHBlBJZaRFPAHkHFXynMLTbvUvqdRVJzATpCz,AMEX,121669336,1936-02-10,1914-08-19,1.00,zjoKtxCKSTNWLpRzJEjyVWiVEuzmYUTLdbyRHLSIgDUbYquZsC
19670531-235058,SEC,COMMON,ACTV,QGAMZngQJGWQFDBUBRicc,NYSE,730071543,1964-07-23,1899-10-02,0.73,0000000056
19670601-140047,SEC,COMMON,ACTV,FvxVEYZshpqtfOwOLOoInQBhoSifPGeL MKuOULsAtYOJvOoSBIMrU,PCX,788027199,1924-05-14,1852-11-19,2.02,QTlJJPTwTIKGjWucWLFdQIFqUFDViLqZHmopzBSaxPctxonmQD
19670601-223630,SEC,PREF_C,ACTV,IcQOaHeSLqSShfStIfMXyTvMlqGnAejEKqUXQwARPDgzv VQvQQ,PCX,35232540,1898-03-10,1938-12-20,2.55,0000000006
19670602-124210,SEC,PREF_B,ACTV,OICqIOokqYiSuKPI,NASDAQ,54209600,1963-05-19,1874-06-08,1.50,0000000013
19670602-214003,SEC,COMMON,ACTV,noGJQOyFUEONIQ AePwPddJOznNXtwmVRlYNPlaYvRXReH KGbBRjVbfWNndeiuhXIvH,NYSE,990676615,1957-03-15,1882-02-16,1.90,0000000072
19670603-062849,SEC,COMMON,ACTV,poKLUquomlaARAwuViNA AFoeSGEKYy UDSCAfWLtkiTEWQIPEMzngXHMixPilJJEvqnjT,AMEX,139458738,1913-03-31,1932-12-05,0.46,AChNrBRFTkjZjDXSGVlG
19670603-110545,SEC,COMMON,ACTV,isaKgTEyNYeReGpwsWvkDywoePvThRSHpMwNi eyUFKkdnhEMxALeJXIv,NASDAQ,491520032,1861-11-23,1886-11-26,1.48,jlkBZXPcVEbEkvquHcRWHHHVGNQxJWnBWpCCCKENWGMjHFABR
19670604-024207,SEC,COMMON,ACTV,VKMZZKLoHeJyzeLMvLIwPLySdMsCrSOEZpy,NASDAQ,43775987,1930-11-08,1923-01-19,2.01,0000000000
19670604-024717,SEC,PREF_B,ACTV,wQVIURZaKZubRnTsmOcMGioUUTWaMV,AMEX,410170045,1895-04-19,1939-04-07,2.42,eyGBByYTpoRbgjJdHtPbQdJTXrTbcWTJkSHlPvDAkK
19670604-181940,SEC,COMMON,ACTV,UEgcTKrdFAROvefFzHAnJY YmvdXUSKzDPFyFhoFlcFJJFTPvLaApMEZPGBqQMxuU q,PCX,337888503,1855-10-12,1903-03-09,2.32,0000000000
19670605-093917,SEC,COMMON,ACTV,bfaROk usDBZaMRBZQYVHTFbJ,NASDAQ,915389235,1938-01-26,1877-06-13,2.52,0000000019
19670605-175755,SEC,COMMON,ACTV,umvFPCRAOqhHlEPozDtmJkeEgIhMXCMoOaTsIFgfOnkABKWCLmcZNc,NYSE,571929989,1875-09-30,1856-11-27,2.85,YtvHEQBjudJlIIctWcFxmnzyLLXwZIjQbTYYSJjShQPPW
19670606-012409,SEC,COMMON,ACTV,nbiZCcQGLpRcT g vYhPSMxgFBNMPEQjABfYamboFURuaTHhUSPixWvtt,AMEX,988475092,1940-01-05,1936-01-01,0.44,kCGxWShTICEMykTPjwUmen
19670606-165607,SEC,COMMON,ACTV,MxNHYsuYFlTRLfmXFWDIkPdULTTzsGkEzMgzIyC rCFF,AMEX,381739806,1915-01-01,1879-07-07,2.37,jRhDJJDxLPxUEMMpdhzdZNqRVTuzMCrlMcwMsdHNvIEBwDfErP
19670607-004748,SEC,COMMON,ACTV,PmddfFKgIRhVtHxaySDlIIYXFuuJFrkhkDHSLGzo,AMEX,958472683,1915-08-29,1928-01-05,0.05,vnbESGDLPDBDVwsKNSXPqRYLGXjuxVJrQDsEcEVAYIyXWMFTha
19670607-140849,SEC,COMMON,ACTV,tRbMRuOfa exGkaxQ zJDJlAfnySQsuQniEstOZZNTDvwNzPKEgAkJMawPxUU,NYSE,228504208,1910-12-27,1934-12-15,2.00,yRflLhHvroMJBNHcMIDiQuHspAHUTFVE
19670607-223749,SEC,PREF_A,ACTV,iRLRcwVfypOA,NASDAQ,583200740,1898-02-05,1871-06-27,1.69,UfSHWSCITBCAOZQunWBPoRwGIRuCUoPSdEQARTADOJmAyACdfM
19670608-035329,SEC,COMMON,ACTV,VuqVbaQUyHJQTwJfQCFFSiFEVEjGlnzmUISJYfPqPOOqXVWLQaufCQVH,NASDAQ,417602299,1870-05-10,1866-12-05,0.41,jnhGOQaSGPLzBRc
19670608-071324,SEC,COMMON,ACTV,rxsurUOqWCdUNoJYlWRd,PCX,89962475,1851-06-02,1913-05-02,1.10,jlkBZXPcVEbEkvquHcRWHHHVGNQxJWnBWpCCCKENWGMjHFABR
19670608-200723,SEC,PREF_B,ACTV,HONWVscwQAdviErMqPvrfKggKKCpOU,NASDAQ,902699700,1906-07-30,1908-09-18,0.82,0000000037
19670608-225102,SEC,PREF_A,ACTV,NIOSYJhtSDjIggdVJyZlAL,NYSE,799904980,1932-04-11,1962-01-30,2.15,0000000043
19670609-064701,SEC,COMMON,ACTV,fFMAHyMIDRoTLFfgVBzxGFOUVsimMBHHoHOWYfA JWCASIgSJ,AMEX,351264103,1858-02-13,1924-01-13,1.29,yzVtIWYoRQKKPNbDwXqdBMdFXWIZfiTteG
19670609-191612,SEC,COMMON,ACTV,DqiCAqPhYxt dmjPnRNHUKGyLVsnFDECELBezfPM,AMEX,749473576,1879-09-25,1891-12-30,2.22,rjkmNkyRrYnpSUDcOqIviweufHAQzFKBSXsYPAcKkbMbBVsEUW
19670610-014841,SEC,COMMON,ACTV,JUSRwMEYbmYXtukHWIFRJUjbhPyXsCAFGxeZBvOLyzOYmLTz voEjuglonG,NASDAQ,348655176,1934-08-27,1935-10-01,0.89,dGTSaPOJMHvtCCHelvrPOQXnY
19670610-065413,SEC,PREF_B,ACTV,L qP eTS SEiNvsIpAJTHQDCmBJop,PCX,772971691,1949-01-31,1917-01-30,1.54,0000000027
19670610-173241,SEC,PREF_A,ACTV,itHTBRHVPbceIujRXPBzjcaFhIRgMVEPgdAPwzQFMXl,PCX,874235861,1904-06-03,1851-04-20,2.08,GQgODZYcTEajaEMYDrWGoMdiJOENBaMGcnwYwuNTRPoOXXVjWD
19670610-221129,SEC,PREF_A,ACTV,nFZNFQbfmeCVCLspLFIulAqFCDPuwYJuJNRKROFhWJLEIJFQsMOcVojIVFVUDOfcJw,AMEX,502496617,1871-09-12,1903-05-03,2.00,0000000011
19670611-032711,SEC,COMMON,ACTV,vTUPBpcHRbAxKcgwlTiVfNtjnGDHTfIFEw CM rPAUPIKrylLUdVSLRoLWnmVRxS,AMEX,224972889,1858-12-30,1904-08-07,1.08,0000000050
19670611-175521,SEC,PREF_A,ACTV,MbKnCSjyaBQEpvlRhqDkDbfDFQgGNUmRsoIKRmgLUdOZbTGKwCHdjwQBtQ,NASDAQ,752985749,1908-12-27,1941-10-10,1.16,0000000033
19670612-003113,SEC,COMMON,ACTV,ExqClZNFNKJCXTHdOnPtLABmPNdiddwcTlQTFAopEQZwzk,NYSE,944931376,1850-06-09,1909-09-02,0.99,0000000060
19670612-140420,SEC,PREF_C,ACTV,JjMMOoVdWDshLCCyFGJWwjsRWkNGSuylgmrNLKeoGGAFfuJ,PCX,671350613,1913-12-14,1919-01-31,0.53,0000000045
19670613-061320,SEC,PREF_A,ACTV,mbMXxqlU FGSWcAz,AMEX,769532655,1890-05-04,1929-10-15,0.61,0000000011
19670613-112044,SEC,PREF_B,ACTV,nZrKWHdpGknwZWKYHDLiECJcgYrrwlCNlEaJDLwCm,PCX,777442760,1950-09-18,1904-01-03,1.63,jmClCXBcZwINVyetRxHbWYRbsYBIFkuIGtecXWIN
19670613-112856,SEC,COMMON,ACTV,oXHbStPBsNB mknJF SRZjJXpOKAOMwKdFgnFeMXrnCGfzWIaIpVHRVM,NASDAQ,211625001,1941-10-07,1941-04-11,2.54,iAJNmDakgxlQcGOiloFqkXDmRxJezUSKSBPCvqFfSbAlV
19670613-180632,SEC,COMMON,ACTV,hHFNaZAobtMtxtIoBHrJD,AMEX,630686676,1945-04-27,1885-05-24,1.23,jRhDJJDxLPxUEMMpdhzdZNqRVTuzMCrlMcwMsdHNvIEBwDfErP
19670614-025739,SEC,COMMON,ACTV,UsxSXXGapdgQlcYOCIuKdPonMEbKVQKDQlLcu,NYSE,933818780,1860-07-11,1885-06-14,2.74,KRtMROFTkhVPydRKxEDtVV
19670614-073611,SEC,COMMON,ACTV,ppAQbV cQEyqSakgSxsVFVImxIPx,NASDAQ,854044222,1929-03-11,1930-11-13,0.94,WCJJAitQbHnCKfmKEVEELEBjYtHsVGTBpOMMCLXEadMPRGRTA
19670614-095209,SEC,COMMON,ACTV,HRPNHUtMpHMUfEMRmNnydvGsmRYDyMOtNOP,PCX,495928258,1922-04-01,1859-02-07,1.29,YNouztDEEgVJnWzrV
19670614-165522,SEC,COMMON,ACTV,NsiHDbh ewAhGiRBI,NASDAQ,764323867,1886-01-04,1873-02-11,1.66,jmClCXBcZwINVyetRxHbWYRbsYBIFkuIGtecXWIN
19670614-192651,SEC,COMMON,ACTV,JWRjzmKPQLCBuBXTgLKCDUOaKSQOzVovFR iqBlUQUmACf mHsHFRFLeGC RSBxMURm,PCX,486629552,1934-02-04,1959-01-24,0.09,xUJWMEEmEMdIWSDGXW
19670615-020530,SEC,COMMON,ACTV,cpoyxwlMSpRZ,NASDAQ,636071649,1958-09-19,1877-11-27,0.74,0000000066
19670615-093843,SEC,COMMON,ACTV,cxYZTzpFHyKuwMzSiKCBmNLCCPVhTnnRQyrctabMcqivULwxSxjMloeRMReK,AMEX,158013202,1909-08-15,1916-06-05,1.92,QTlJJPTwTIKGjWucWLFdQIFqUFDViLqZHmopzBSaxPctxonmQD
19670615-160358,SEC,PREF_A,ACTV,vOHJMNEAcJ,NASDAQ,776349697,1955-08-15,1865-11-11,2.41,0000000016
19670615-180349,SEC,COMMON,ACTV,xAVO  CcUrVDjBdDTcMDaWHNAOHBVJmdVAESmpyPeIzUe xSi,PCX,36971677,1931-02-28,1868-05-17,0.48,0000000020
19670615-212208,SEC,PREF_C,ACTV,oNpeMOUNMAsmrDXOXLSGSOjWjULVLfebxBNiyq,NASDAQ,436077847,1894-06-10,1904-01-06,2.04,vnbESGDLPDBDVwsKNSXPqRYLGXjuxVJrQDsEcEVAYIyXWMFTha
19670616-121626,SEC,PREF_A,ACTV,DZbZjoeGFMDMBUPeFaAygHorbWeofBDnH,AMEX,472025853,1915-08-27,1891-07-22,2.89,diqlqOsDpYaNQhSPBbXhMXocCDXEfNMfLDMDHOdpovsklTN
19670616-231732,SEC,PREF_A,ACTV,DPmQVxXoNFWxvsQzoLIENSLDfCMpLSyDkopPAefBmHxqd,NYSE,272767849,1919-08-14,1922-09-12,1.48,0000000010
19670617-171228,SEC,COMMON,ACTV,MnvexibSOJNbYIh yvDswVqSuKg,AMEX,968531337,1877-05-17,1885-05-03,1.31,kCGxWShTICEMykTPjwUmen
19670618-074337,SEC,PREF_A,ACTV,YkAeJttAuZFGdQCsJpQDqurEFQHQwuNyKId,AMEX,517872887,1856-09-12,1946-01-10,0.29,QFRbFMIOhFIvNDHHKUIHIwUDsyiGpkDUVMQO
19670618-201845,SEC,COMMON,ACTV,VfVxTAGgyPL oCbLnqV,PCX,1520655,1952-11-30,1885-07-04,0.85,dGTSaPOJMHvtCCHelvrPOQXnY
19670619-000213,SEC,COMMON,ACTV,bSnOuiIFLnVAokozOqN,PCX,654165648,1928-07-01,1884-11-12,0.34,WCJJAitQbHnCKfmKEVEELEBjYtHsVGTBpOMMCLXEadMPRGRTA
19670619-144708,SEC,PREF_A,ACTV,MBVihmLuTNwNnGV TlgdZTbQanKLFnYPNDkVpJBgJjutLZqiG,PCX,268202215,1860-01-06,1909-12-23,2.62,0000000058
19670619-154112,SEC,COMMON,ACTV,QkKRzMwqwSfORKJVroIgFjxEpVOxKgYAwEbrY,NYSE,447949447,1881-08-17,1868-06-02,2.09,0000000051
19670619-210328,SEC,COMMON,ACTV,YknVtAiRehirzwcvaPpdxGPeIOFEypEwjQW,AMEX,757546680,1922-01-31,1896-07-19,1.54,AYrIhMoBIgUBkRdxKABPjIIShjxFyaWTAsK
19670620-094815,SEC,COMMON,ACTV,jrrzqQEZFQEqmaHKZWFjRYAGMKwKxGXCEqUcefnEiimosrKHmHm,NYSE,689283721,1850-04-20,1897-03-21,0.50,0000000066
19670620-102924,SEC,COMMON,ACTV,IQYUQKuubSxpFOxuNTAnaWCHeyGmLzRTheGwIyQSX,NASDAQ,246117559,1901-02-10,1882-02-21,0.47,0000000036
19670620-153027,SEC,COMMON,ACTV,cNmzUXOSWrRMIfRnNuE,NASDAQ,108949217,1916-03-13,1951-03-05,1.64,0000000049
19670621-053749,SEC,PREF_B,ACTV,rMBNIEcDyQIDFANmm XmlVnmAzdSdEFsIyKGWpciAuiHtLBEnxHcecXtHMThJ,NASDAQ,28385476,1860-09-26,1882-10-31,2.75,nFkXCFIQQcAPOHRuYtieKkGSZpAdCmvxWPuheWUSLiFkN
19670621-180259,SEC,COMMON,ACTV,ZLiMGtgMoAHpJpUsPCtUbvQJh NRLJGIVPeSTMgDMJnInYbNfPaiHSPzAaIlduriUVUbh,NASDAQ,712167598,1933-07-10,1933-08-01,1.45,bDehSFMUUzvBayHEfHPXduNBnPkf
19670622-062020,SEC,COMMON,ACTV,NrbDgcyqxAjTXAqUVCGK,NASDAQ,646407204,1938-03-15,1906-02-18,2.57,iAJNmDakgxlQcGOiloFqkXDmRxJezUSKSBPCvqFfSbAlV
19670622-131003,SEC,COMMON,ACTV,PXJmAe LUqDJoRQFCgJTaWnSpSCbjwvTAFNIuAfUqRerSPPQTTKocuiiAPPblWTT,NASDAQ,634387100,1852-11-08,1860-09-08,0.31,dGTSaPOJMHvtCCHelvrPOQXnY
19670622-215115,SEC,COMMON,ACTV,GBUGkHgxgNbnZ,AMEX,210297252,1917-11-30,1915-10-23,2.51,0000000068
19670623-064108,SEC,PREF_C,ACTV,xTETNVeDefYndoaxqJ lpAJTBUFENKkGwJoPCtiDX,PCX,219239262,1943-01-02,1932-04-25,1.72,YNouztDEEgVJnWzrV
19670623-165751,SEC,PREF_B,ACTV,wVIUHhzxlWPnv AmRBGRiT,NASDAQ,544932521,1856-12-02,1879-12-13,0.61,QFRbFMIOhFIvNDHHKUIHIwUDsyiGpkDUVMQO
19670624-055700,SEC,PREF_A,ACTV,SEMGUBQNLKhL oACFNGLujZTlACOPo,PCX,780786072,1963-04-20,1882-04-05,1.24,QTlJJPTwTIKGjWucWLFdQIFqUFDViLqZHmopzBSaxPctxonmQD
19670624-144731,SEC,COMMON,ACTV,TESCLhVHOYwrcsW,AMEX,922264232,1883-07-14,1875-12-25,1.37,KCkPotwrqSQFGNsyRmfAqMDPgLswKnMFgi
19670624-225523,SEC,COMMON,ACTV,XNSOdnFBjDHOVFotVgQiNpWuBtKFDliUTEwtuSLaBA,AMEX,421413671,1962-03-30,1924-03-14,1.03,0000000029
19670625-013720,SEC,COMMON,ACTV,yaVsFhUzAcjyhMIjAQgqWRANniFatEH k,NASDAQ,131790475,1915-11-17,1922-01-17,0.17,0000000072
19670625-122619,SEC,COMMON,ACTV,NZguGikWiheCXMnCQFPnDnvOUtLLPclahrlCuSAsPANkJeFR,NASDAQ,362506103,1892-07-02,1884-05-20,1.04,XdCwDlGsXFstGqdCIcNOKJfTOQPnoEeELXbNmwOl
19670625-190651,SEC,COMMON,ACTV,oLeJasPUkCgdhnOMNIVMCBhNGmTqXyDBMjNdYwwfjHvRIxS BBuNq,NYSE,573032869,1936-06-11,1940-05-27,1.60,0000000067
19670625-191503,SEC,COMMON,ACTV,oGnYTk eezKcpndIAcA qMAYpxcEVcoh,NASDAQ,7602770,1870-03-31,1918-11-08,2.17,UXKSWgGTVwuzWNnUV
19670625-200437,SEC,PREF_A,ACTV,St zgNDaXMOLFYCEZSUBZcL S,NASDAQ,713924087,1908-11-09,1931-08-29,1.85,0000000000
19670625-215441,SEC,COMMON,ACTV,Oq iVEsYrpYwKPzIOqMKYBigWxuQzvuKFzHFRXMMBgVFTQokMQNJDMGOIbfWqmqHH,PCX,892533889,1858-02-09,1920-11-15,2.76,0000000051
19670626-001917,SEC,COMMON,ACTV,FPJLRANNXB HTTGpisBBPfNVowcclkCIOSxxpLCrHkOxBdaNAERHNLz,NYSE,834216069,1896-11-28,1894-10-07,0.96,0000000075
19670626-021244,SEC,PREF_A,ACTV,kFlRYIyEwzTCRrIZLzewPfYE,AMEX,233495211,1882-05-07,1907-01-28,0.28,0000000020
19670626-152431,SEC,COMMON,ACTV,PnEsVPW TwGcENCKFSUchbgNuUZUAFKNtGcYkVWZHCYTITyNiQg,NASDAQ,747282554,1885-05-15,1956-03-17,0.26,nFkXCFIQQcAPOHRuYtieKkGSZpAdCmvxWPuheWUSLiFkN
19670626-172307,SEC,COMMON,ACTV,LlKbqLlpAJoxEXrGNvBmklPPFKaqBct,NASDAQ,577788549,1945-08-23,1853-09-28,0.05,0000000005
19670627-051149,SEC,COMMON,ACTV,wDhrNJtLBLMno YnVDFJwGVIuZDDfKn PpDOkZKmVEClVRRyMe,AMEX,898005630,1911-10-28,1873-04-20,2.43,UxwoFfdmLfKmuJCZStrMNOScJQzWthcXUUiyvsPHTsRlAJPOiK
19670627-152053,SEC,PREF_D,ACTV,qHJyRYHPyRlxlGFQccGDGUQrJa AhAIfbQAswrw jLtXvBiBrj,NASDAQ,100045495,1854-10-28,1885-08-20,2.66,0000000011
19670627-172956,SEC,COMMON,ACTV,VPfWWSsdUWSPGCNFdAC,NASDAQ,904400256,1954-12-12,1898-11-16,0.26,jlkBZXPcVEbEkvquHcRWHHHVGNQxJWnBWpCCCKENWGMjHFABR
19670628-021253,SEC,COMMON,ACTV,LfxUVKSlqaTrDOXBqMJEKWrchHsNko,AMEX,230450395,1877-05-21,1933-08-11,1.64,zScyndwxOcLUXIwtrdKPFPDeQiYudN
19670628-033036,SEC,COMMON,ACTV,WVCRuyvNbisjTltmmZXNHEthjDQpRFyMCAFkTJKDQACFegCyMTMLXFnUYQVt,NASDAQ,56157521,1854-12-22,1943-12-02,0.33,YGODXTYUYQHKSUzVdmTrHaaZEgiuZLXAwzvjFZMnWXdUSECjfi
19670628-141928,SEC,COMMON,ACTV,cMroCYieAmsIkhQHkvJPYIlUuoXVRqtmihuhQGsLTDQbMlg,NYSE,4690457,1862-06-20,1898-07-06,0.19,gDqcCBxupXLOeBnjyoDuJKKpXXazMTBejzLaoxVkzpfVHbeQYN
19670629-154349,SEC,COMMON,ACTV,bXCWtJlVXxJnnyEkqzj,NYSE,903780401,1957-10-16,1917-01-27,1.11,VNUMGRlTCSQKEfjLfhaUANwnlPAHDkoFxyHfydObCUUeDgBa
19670630-025335,SEC,COMMON,ACTV,ioYURGgyCqfGDosrYIIOMeMUgxYHXisdVaWbIIVIyTELkC,NYSE,760996957,1875-10-29,1855-05-19,1.07,vnbESGDLPDBDVwsKNSXPqRYLGXjuxVJrQDsEcEVAYIyXWMFTha
19670630-051329,SEC,COMMON,ACTV,HNaKmhGjHsNakOIKTjrzOoyPymQYFMCKTIKiEOwjOTQaC,AMEX,548496288,1960-01-28,1939-02-17,1.44,eyGBByYTpoRbgjJdHtPbQdJTXrTbcWTJkSHlPvDAkK
19670630-052937,SEC,COMMON,ACTV,pjyQQMIqSqKJNQgqULAQUFVOYm,NYSE,80580845,1931-01-24,1875-11-03,0.80,0000000031
19670630-063648,SEC,COMMON,ACTV,ePfHmYRANVm,PCX,456559637,1866-01-04,1911-02-13,1.55,hUAyAuPbTqDYKLMtyUtVl
19670630-235958,SEC,PREF_C,ACTV,WLFUQTxOuXugnUQYGQLFLCvUNxdnIgMfwc,NASDAQ,850161818,1962-01-21,1871-04-26,2.06,diqlqOsDpYaNQhSPBbXhMXocCDXEfNMfLDMDHOdpovsklTN
