19741225-164317,CMP,mnNgVrFLivNTSCpRnzfHJmqRcwjNTpSUAD,0000000376,ACTV,FW,BBB+,1854-07-10,12787 Holly Court,,H5K 1Q9,Sherbrooke,NH,United States of America,Kirkman,EVnRPErholwLvqcGLTQfKqOMToBORzDfSzjhfKLjQaDiCfBSuNBpqNywEOZqBiSGwqVMscAB OJiNpVLltUFVMRucSnHD LXGxxUKNJMNJzqQha
19741226-024903,CMP,oHqcAiSKTrHsULLyJUDMmFLLtVnVfUxPcpvknqfqbnhFycoSbFZvePIdVmZ,0000000176,INAC,SC,AAA,1854-12-31,5656 Upton West,Suite 132,V6T 1R8,Houston,IL,United States of America,Mcalevy,RiKIxYKcDOiDJgtMJIJKxxVMGfuqqciQPOORm KxOYhmKxSABbdQPJIEQEEphRjFJEBJxumaACZSqrDFgeScMNZMpQBCBgsMGPOQBmqQRVhRzHbKkKk FZdoFiqMOKRFvfEPkqRhDJXsdw
19741226-064738,CMP,ZQTjEUONCDrpaHYvA,0000000152,ACTV,AR,B-,,24674 Windchime Court,,92171,Bellevue,MD,United States of America,Wagenaar,RDKUpUNtBsdWOahtOJAugAxJHGxFzNVcdXIxKhIQQNLTKLBdHZoGZjfutYgMNnjnEwhQWPUkjDDaYLaDEDFLAYeJZOXUKIGMBS
19741227-033954,CMP,IpUvDutBNJLLFrITZFfqfLPfjMxpEJrOMOlqIyUZhnAtHSmCahkyWFbdlCEO,0000000385,ACTV,CE,A-,1879-12-27,8552 Alpha Park,Apt. 161,93910,Erie,PA,Canada,Allum,OQdQcvzPHp UlTAMUDZPNsQkSMCBqilraHKybkoXGDXWdeVOroOTJihJrvwZReSFHVNPIhXCBHjiZLVGDCnSNCZhUfMZjKMZilXBZWYLHRbDHllQtiNi
19741228-085524,CMP,CRdJpWDQreFROHBFJMWTljcjrFTJfFFYspoqiNhLKuVAcQDTaY,0000000384,ACTV,FL,BB-,1962-08-14,2672 Eden East,,73133,Fort Wayne,RI,Canada,Rouse,JqWSwzzIwONFxbtxDiZUHWolIMdiReElhQPgGacWzkSxKziMGxUO
19741228-182341,CMP,NETywBVQRDrvjEMFNOUECiUBQnOVFLSdbNhLTqVKJxSLJIXNsm,0000000383,ACTV,OI,BBB,1876-05-10,13250 Monroe Road,,77703,London,OR,United States of America,Dollyhigh,ZoMrQxgqAQFIIicpAXLKIeGHXCu hchGSH bNaANERsS lDzPSLLjvBMmcIES xiBxepEKiDIcDNVOOhGFn
19741229-105247,CMP,UCXHsOMKBBhFtzPEIauEkuhRHBwnBaQQmhkLJLYXHLTsPYhuqrMWF,0000000382,ACTV,HM,BBB+,1873-11-22,16442 Round Lake Park,,77286,Provo,AK,United States of America,Hillegas,bLPCAEDgqJiZGrbNpCLLcaMhRANKaFoqmRbPWSRPUTnRYXJPlsgZRIoxURXiQrSKX vGcHRGGFKIZyaJZPmM
19741230-121444,CMP,uGNPWQNxPxFyJcbqUJlAYpHjNOLrnPVRKOplTVbJcSLOif,0000000381,ACTV,AM,BBB+,1962-01-17,2132 Meadow Lake Upper,,31404,Warren,NH,Canada,Herold,PfdjvSn SQGauHcmOQTxTGjhNVeQeVNTxFKNMPkCTxsr
19741230-150456,CMP,CQGpvekRzqSfESwKURQOoomSanpImBHcOUixhL,0000000380,ACTV,IA,A-,1881-12-02,833 Wakeforest Crescent,,91168,Milwaukee,MT,United States of America,Taylor,yAEFlyrsqtfYhTFTkIiviUsrDQh QFnjWGaHflEfEoXRoPiIYudLwBHLH ApuVGDPvVbNIibyWmuJJeaMmzRwEx TuIE
19741230-230238,CMP,QEKXHKbURLabMoB,0000000379,ACTV,AP,CC,1921-04-10,13276 Westella Upper,,85718,Gary,LA,United States of America,Smolic,VjeghWDreSQUQMUFWW
19741231-111511,CMP,kSxkTQMzqhWgWKPLpUlwjLKzNGWxVHpWhoJmHwHOcdsys,0000000378,ACTV,OW,B,1928-12-24,10314 Presido Way,Apt. 163,V6U 1R2,Hayward,Saskatchewan,United States of America,Thursby,yqNoBDAoYRNkjmzUMVWdtjJdibKNqR LrddQMvEKiSakxOKuFtCIWrhPBQjeIRaIzOJXiUQKRMWkLTsIrUjYrOpVnuZvpPeAxSNlMYzCjBwJ
19741231-212749,CMP,bLDfMCiYJfdEseRPOSrNilaE,0000000377,ACTV,EI,BBB,1961-04-19,590 Cedar Crescent,,30376,Fort Wayne,TX,United States of America,Mouw,cNdRoPYiPQLsUdgbnjwUThKJuAyUhCEGQGqxAKPxpTBFwTKNgkfEPQvKKLxPI ULGsmYJLgSsLfhZURNEIffOTsUDfzUtCHorSDwDfawSAXmK
